!Keysight Technologies,E4990A,MY54403861,A.04.00
!Date: Wed Mar 26 11:24:29 2025

BEGIN CH1_DATA
Frequency(Hz), |Z|(Ohm)-data, theta-z(deg)-data
+9.50000000000e+005, +6.08781245395e+001, -8.08687569187e+001
+9.50112500000e+005, +6.07001272366e+001, -8.08768862946e+001
+9.50225000000e+005, +6.05281846157e+001, -8.08945298052e+001
+9.50337500000e+005, +6.03500890019e+001, -8.09234622372e+001
+9.50450000000e+005, +6.01609765807e+001, -8.09547221857e+001
+9.50562500000e+005, +5.99607832286e+001, -8.09808694123e+001
+9.50675000000e+005, +5.97584506099e+001, -8.09979705487e+001
+9.50787500000e+005, +5.95584738478e+001, -8.10070393207e+001
+9.50900000000e+005, +5.93679913777e+001, -8.10117720631e+001
+9.51012500000e+005, +5.91767491087e+001, -8.10135488566e+001
+9.51125000000e+005, +5.89907234380e+001, -8.10180195215e+001
+9.51237500000e+005, +5.88071960046e+001, -8.10202413958e+001
+9.51350000000e+005, +5.86252666977e+001, -8.10223384496e+001
+9.51462500000e+005, +5.84461730038e+001, -8.10251526277e+001
+9.51575000000e+005, +5.82695311613e+001, -8.10286565629e+001
+9.51687500000e+005, +5.80943145064e+001, -8.10337828583e+001
+9.51800000000e+005, +5.79145690018e+001, -8.10399249695e+001
+9.51912500000e+005, +5.77347810842e+001, -8.10453800751e+001
+9.52025000000e+005, +5.75527549949e+001, -8.10464818504e+001
+9.52137500000e+005, +5.73686814180e+001, -8.10455397476e+001
+9.52250000000e+005, +5.71865408529e+001, -8.10396452228e+001
+9.52362500000e+005, +5.70075758785e+001, -8.10288301365e+001
+9.52475000000e+005, +5.68307039244e+001, -8.10144382616e+001
+9.52587500000e+005, +5.66558346453e+001, -8.09998095977e+001
+9.52700000000e+005, +5.64870930147e+001, -8.09826262102e+001
+9.52812500000e+005, +5.63191817289e+001, -8.09648019912e+001
+9.52925000000e+005, +5.61543792047e+001, -8.09458254293e+001
+9.53037500000e+005, +5.59908988445e+001, -8.09244551245e+001
+9.53150000000e+005, +5.58302000346e+001, -8.09043559534e+001
+9.53262500000e+005, +5.56725781180e+001, -8.08799651377e+001
+9.53375000000e+005, +5.55181557187e+001, -8.08568482656e+001
+9.53487500000e+005, +5.53662936247e+001, -8.08344371881e+001
+9.53600000000e+005, +5.52203027686e+001, -8.08132223437e+001
+9.53712500000e+005, +5.50750399572e+001, -8.07944554632e+001
+9.53825000000e+005, +5.49263222016e+001, -8.07773618784e+001
+9.53937500000e+005, +5.47807403730e+001, -8.07616814835e+001
+9.54050000000e+005, +5.46322404970e+001, -8.07458156181e+001
+9.54162500000e+005, +5.44831899443e+001, -8.07275335010e+001
+9.54275000000e+005, +5.43325421668e+001, -8.07086143888e+001
+9.54387500000e+005, +5.41842617016e+001, -8.06836470962e+001
+9.54500000000e+005, +5.40373785384e+001, -8.06604210603e+001
+9.54612500000e+005, +5.38909219773e+001, -8.06349050597e+001
+9.54725000000e+005, +5.37469304668e+001, -8.06076797492e+001
+9.54837500000e+005, +5.36043005512e+001, -8.05761132074e+001
+9.54950000000e+005, +5.34645249947e+001, -8.05447710841e+001
+9.55062500000e+005, +5.33221860086e+001, -8.05135285770e+001
+9.55175000000e+005, +5.31847400650e+001, -8.04817892048e+001
+9.55287500000e+005, +5.30455314640e+001, -8.04430045824e+001
+9.55400000000e+005, +5.29133187973e+001, -8.04025324336e+001
+9.55512500000e+005, +5.27831966057e+001, -8.03637415537e+001
+9.55625000000e+005, +5.26545380281e+001, -8.03204686191e+001
+9.55737500000e+005, +5.25283718481e+001, -8.02811191294e+001
+9.55850000000e+005, +5.24068611820e+001, -8.02368400105e+001
+9.55962500000e+005, +5.22848446997e+001, -8.01942674390e+001
+9.56075000000e+005, +5.21680532397e+001, -8.01485975543e+001
+9.56187500000e+005, +5.20513488309e+001, -8.01019388876e+001
+9.56300000000e+005, +5.19396639620e+001, -8.00565887915e+001
+9.56412500000e+005, +5.18305933139e+001, -8.00092407405e+001
+9.56525000000e+005, +5.17259669067e+001, -7.99594303427e+001
+9.56637500000e+005, +5.16229147969e+001, -7.99116939895e+001
+9.56750000000e+005, +5.15264667045e+001, -7.98650000765e+001
+9.56862500000e+005, +5.14340051057e+001, -7.98170612657e+001
+9.56975000000e+005, +5.13417514275e+001, -7.97725046722e+001
+9.57087500000e+005, +5.12553550625e+001, -7.97273490949e+001
+9.57200000000e+005, +5.11737465506e+001, -7.96856091994e+001
+9.57312500000e+005, +5.10959250340e+001, -7.96444357097e+001
+9.57425000000e+005, +5.10198902582e+001, -7.96067601757e+001
+9.57537500000e+005, +5.09477906312e+001, -7.95740200024e+001
+9.57650000000e+005, +5.08790219385e+001, -7.95436435443e+001
+9.57762500000e+005, +5.08102596696e+001, -7.95164709329e+001
+9.57875000000e+005, +5.07445901979e+001, -7.94928125721e+001
+9.57987500000e+005, +5.06812600566e+001, -7.94723766018e+001
+9.58100000000e+005, +5.06184485286e+001, -7.94559312477e+001
+9.58212500000e+005, +5.05577919511e+001, -7.94388510851e+001
+9.58325000000e+005, +5.05004386748e+001, -7.94268016579e+001
+9.58437500000e+005, +5.04454421281e+001, -7.94190131871e+001
+9.58550000000e+005, +5.03920523097e+001, -7.94146189367e+001
+9.58662500000e+005, +5.03428263090e+001, -7.94161279569e+001
+9.58775000000e+005, +5.02937322538e+001, -7.94213030442e+001
+9.58887500000e+005, +5.02478775858e+001, -7.94374148902e+001
+9.59000000000e+005, +5.02026780668e+001, -7.94578462845e+001
+9.59112500000e+005, +5.01562000393e+001, -7.94857736138e+001
+9.59225000000e+005, +5.01096480362e+001, -7.95216822146e+001
+9.59337500000e+005, +5.00597529175e+001, -7.95643924269e+001
+9.59450000000e+005, +5.00083383531e+001, -7.96148866975e+001
+9.59562500000e+005, +4.99515429767e+001, -7.96731981885e+001
+9.59675000000e+005, +4.98927420405e+001, -7.97351188906e+001
+9.59787500000e+005, +4.98272038209e+001, -7.98037332352e+001
+9.59900000000e+005, +4.97546580699e+001, -7.98772939735e+001
+9.60012500000e+005, +4.96766434844e+001, -7.99527028737e+001
+9.60125000000e+005, +4.95906970921e+001, -8.00285498074e+001
+9.60237500000e+005, +4.94989880045e+001, -8.01021838792e+001
+9.60350000000e+005, +4.94037046167e+001, -8.01732920999e+001
+9.60462500000e+005, +4.93091682397e+001, -8.02413115206e+001
+9.60575000000e+005, +4.92103976497e+001, -8.03130962923e+001
+9.60687500000e+005, +4.91089514570e+001, -8.03804558325e+001
+9.60800000000e+005, +4.90083125967e+001, -8.04449053172e+001
+9.60912500000e+005, +4.89128466678e+001, -8.05121208034e+001
+9.61025000000e+005, +4.88139115658e+001, -8.05856826379e+001
+9.61137500000e+005, +4.87101273943e+001, -8.06626701868e+001
+9.61250000000e+005, +4.86026583425e+001, -8.07402139681e+001
+9.61362500000e+005, +4.84932405216e+001, -8.08187808154e+001
+9.61475000000e+005, +4.83788977527e+001, -8.08988381073e+001
+9.61587500000e+005, +4.82624844551e+001, -8.09777333871e+001
+9.61700000000e+005, +4.81426201697e+001, -8.10572477296e+001
+9.61812500000e+005, +4.80207000562e+001, -8.11361428323e+001
+9.61925000000e+005, +4.78944659202e+001, -8.12141945127e+001
+9.62037500000e+005, +4.77661160302e+001, -8.12929284018e+001
+9.62150000000e+005, +4.76336860557e+001, -8.13683290803e+001
+9.62262500000e+005, +4.74996000715e+001, -8.14425745638e+001
+9.62375000000e+005, +4.73635657067e+001, -8.15159873835e+001
+9.62487500000e+005, +4.72273499322e+001, -8.15860316031e+001
+9.62600000000e+005, +4.70888032431e+001, -8.16569170636e+001
+9.62712500000e+005, +4.69476460418e+001, -8.17263466428e+001
+9.62825000000e+005, +4.68040819511e+001, -8.17931556459e+001
+9.62937500000e+005, +4.66591577481e+001, -8.18590087967e+001
+9.63050000000e+005, +4.65153906459e+001, -8.19213397434e+001
+9.63162500000e+005, +4.63698578899e+001, -8.19823070493e+001
+9.63275000000e+005, +4.62243804138e+001, -8.20435617654e+001
+9.63387500000e+005, +4.60779967422e+001, -8.21033924682e+001
+9.63500000000e+005, +4.59285195683e+001, -8.21639396718e+001
+9.63612500000e+005, +4.57780598447e+001, -8.22218392930e+001
+9.63725000000e+005, +4.56283937905e+001, -8.22779460321e+001
+9.63837500000e+005, +4.54764400631e+001, -8.23330780077e+001
+9.63950000000e+005, +4.53247227237e+001, -8.23865578482e+001
+9.64062500000e+005, +4.51702582146e+001, -8.24388687028e+001
+9.64175000000e+005, +4.50166498375e+001, -8.24901737091e+001
+9.64287500000e+005, +4.48628241007e+001, -8.25390348803e+001
+9.64400000000e+005, +4.47061918770e+001, -8.25865743446e+001
+9.64512500000e+005, +4.45500320619e+001, -8.26334396582e+001
+9.64625000000e+005, +4.43937213318e+001, -8.26785789926e+001
+9.64737500000e+005, +4.42361226557e+001, -8.27228045536e+001
+9.64850000000e+005, +4.40789884979e+001, -8.27653352131e+001
+9.64962500000e+005, +4.39210732686e+001, -8.28061241298e+001
+9.65075000000e+005, +4.37626692855e+001, -8.28458289352e+001
+9.65187500000e+005, +4.36036236070e+001, -8.28843692913e+001
+9.65300000000e+005, +4.34443569386e+001, -8.29198296235e+001
+9.65412500000e+005, +4.32834321279e+001, -8.29532519088e+001
+9.65525000000e+005, +4.31237979001e+001, -8.29887107741e+001
+9.65637500000e+005, +4.29618407438e+001, -8.30193164307e+001
+9.65750000000e+005, +4.28013632239e+001, -8.30492656662e+001
+9.65862500000e+005, +4.26385186042e+001, -8.30764464941e+001
+9.65975000000e+005, +4.24766389823e+001, -8.31016547302e+001
+9.66087500000e+005, +4.23156050567e+001, -8.31254702400e+001
+9.66200000000e+005, +4.21524601173e+001, -8.31447638700e+001
+9.66312500000e+005, +4.19908778714e+001, -8.31620316779e+001
+9.66425000000e+005, +4.18310658954e+001, -8.31750652956e+001
+9.66537500000e+005, +4.16704413407e+001, -8.31872866765e+001
+9.66650000000e+005, +4.15139281392e+001, -8.31960804344e+001
+9.66762500000e+005, +4.13567322434e+001, -8.32014355889e+001
+9.66875000000e+005, +4.12051072139e+001, -8.32072489231e+001
+9.66987500000e+005, +4.10549171432e+001, -8.32126548324e+001
+9.67100000000e+005, +4.09084573446e+001, -8.32191666858e+001
+9.67212500000e+005, +4.07622799008e+001, -8.32278947371e+001
+9.67325000000e+005, +4.06182483143e+001, -8.32416817335e+001
+9.67437500000e+005, +4.04735543764e+001, -8.32567287840e+001
+9.67550000000e+005, +4.03280985838e+001, -8.32748607932e+001
+9.67662500000e+005, +4.01813330381e+001, -8.32944418150e+001
+9.67775000000e+005, +4.00330591905e+001, -8.33159798565e+001
+9.67887500000e+005, +3.98844337003e+001, -8.33370613507e+001
+9.68000000000e+005, +3.97330693256e+001, -8.33583337475e+001
+9.68112500000e+005, +3.95814529149e+001, -8.33784941709e+001
+9.68225000000e+005, +3.94278214686e+001, -8.33985044364e+001
+9.68337500000e+005, +3.92733976905e+001, -8.34162701436e+001
+9.68450000000e+005, +3.91188069903e+001, -8.34326787018e+001
+9.68562500000e+005, +3.89634873258e+001, -8.34474317790e+001
+9.68675000000e+005, +3.88084520963e+001, -8.34632934498e+001
+9.68787500000e+005, +3.86524473786e+001, -8.34743173683e+001
+9.68900000000e+005, +3.84972286481e+001, -8.34851249583e+001
+9.69012500000e+005, +3.83417879868e+001, -8.34964912217e+001
+9.69125000000e+005, +3.81863717310e+001, -8.35049225373e+001
+9.69237500000e+005, +3.80313222857e+001, -8.35130164410e+001
+9.69350000000e+005, +3.78771086005e+001, -8.35197496335e+001
+9.69462500000e+005, +3.77219545115e+001, -8.35276712124e+001
+9.69575000000e+005, +3.75676390424e+001, -8.35335865989e+001
+9.69687500000e+005, +3.74132929239e+001, -8.35388667271e+001
+9.69800000000e+005, +3.72592423841e+001, -8.35429005597e+001
+9.69912500000e+005, +3.71045286647e+001, -8.35486651693e+001
+9.70025000000e+005, +3.69504161123e+001, -8.35530145503e+001
+9.70137500000e+005, +3.67952047037e+001, -8.35565800731e+001
+9.70250000000e+005, +3.66404638725e+001, -8.35589299913e+001
+9.70362500000e+005, +3.64851043827e+001, -8.35608780941e+001
+9.70475000000e+005, +3.63305760836e+001, -8.35630448316e+001
+9.70587500000e+005, +3.61760614353e+001, -8.35606485500e+001
+9.70700000000e+005, +3.60215713446e+001, -8.35630245761e+001
+9.70812500000e+005, +3.58673758575e+001, -8.35611511823e+001
+9.70925000000e+005, +3.57123469177e+001, -8.35625325493e+001
+9.71037500000e+005, +3.55576818048e+001, -8.35607171884e+001
+9.71150000000e+005, +3.54018004844e+001, -8.35573639863e+001
+9.71262500000e+005, +3.52461289036e+001, -8.35547833166e+001
+9.71375000000e+005, +3.50912466151e+001, -8.35485639725e+001
+9.71487500000e+005, +3.49375849907e+001, -8.35426066967e+001
+9.71600000000e+005, +3.47843819183e+001, -8.35377802365e+001
+9.71712500000e+005, +3.46292374542e+001, -8.35327328306e+001
+9.71825000000e+005, +3.44743914251e+001, -8.35289596637e+001
+9.71937500000e+005, +3.43191040985e+001, -8.35228944446e+001
+9.72050000000e+005, +3.41635170308e+001, -8.35155572315e+001
+9.72162500000e+005, +3.40082754465e+001, -8.35063538555e+001
+9.72275000000e+005, +3.38524590675e+001, -8.34973555744e+001
+9.72387500000e+005, +3.36965477344e+001, -8.34874449461e+001
+9.72500000000e+005, +3.35409844068e+001, -8.34751084271e+001
+9.72612500000e+005, +3.33849844870e+001, -8.34642859894e+001
+9.72725000000e+005, +3.32285656589e+001, -8.34515313435e+001
+9.72837500000e+005, +3.30726427410e+001, -8.34338908618e+001
+9.72950000000e+005, +3.29188886085e+001, -8.34187129512e+001
+9.73062500000e+005, +3.27638895713e+001, -8.34002427140e+001
+9.73175000000e+005, +3.26091571392e+001, -8.33832412140e+001
+9.73287500000e+005, +3.24559653041e+001, -8.33646652478e+001
+9.73400000000e+005, +3.23011663233e+001, -8.33463373429e+001
+9.73512500000e+005, +3.21472730666e+001, -8.33272090021e+001
+9.73625000000e+005, +3.19937977960e+001, -8.33079812224e+001
+9.73737500000e+005, +3.18399904486e+001, -8.32855004469e+001
+9.73850000000e+005, +3.16864367833e+001, -8.32653008916e+001
+9.73962500000e+005, +3.15331587957e+001, -8.32436148099e+001
+9.74075000000e+005, +3.13804408665e+001, -8.32209402893e+001
+9.74187500000e+005, +3.12280488817e+001, -8.31989753469e+001
+9.74300000000e+005, +3.10748868434e+001, -8.31751616270e+001
+9.74412500000e+005, +3.09218890006e+001, -8.31517248187e+001
+9.74525000000e+005, +3.07698520501e+001, -8.31285119575e+001
+9.74637500000e+005, +3.06162255377e+001, -8.31065197743e+001
+9.74750000000e+005, +3.04641154535e+001, -8.30816063931e+001
+9.74862500000e+005, +3.03111878166e+001, -8.30575944838e+001
+9.74975000000e+005, +3.01585666056e+001, -8.30300451189e+001
+9.75087500000e+005, +3.00052573140e+001, -8.30060605286e+001
+9.75200000000e+005, +2.98524999641e+001, -8.29784090208e+001
+9.75312500000e+005, +2.96992913608e+001, -8.29505719168e+001
+9.75425000000e+005, +2.95470010778e+001, -8.29237711132e+001
+9.75537500000e+005, +2.93935885485e+001, -8.28952160131e+001
+9.75650000000e+005, +2.92409216263e+001, -8.28663234454e+001
+9.75762500000e+005, +2.90877029673e+001, -8.28367829385e+001
+9.75875000000e+005, +2.89347167166e+001, -8.28068473705e+001
+9.75987500000e+005, +2.87816575519e+001, -8.27768674165e+001
+9.76100000000e+005, +2.86291362589e+001, -8.27471419230e+001
+9.76212500000e+005, +2.84765329407e+001, -8.27151130607e+001
+9.76325000000e+005, +2.83229887940e+001, -8.26831060367e+001
+9.76437500000e+005, +2.81694799925e+001, -8.26507314175e+001
+9.76550000000e+005, +2.80159259298e+001, -8.26190430409e+001
+9.76662500000e+005, +2.78627103228e+001, -8.25860478681e+001
+9.76775000000e+005, +2.77082668576e+001, -8.25506576861e+001
+9.76887500000e+005, +2.75537830279e+001, -8.25174976780e+001
+9.77000000000e+005, +2.73993459897e+001, -8.24814078316e+001
+9.77112500000e+005, +2.72444036947e+001, -8.24468060706e+001
+9.77225000000e+005, +2.70902009322e+001, -8.24103065049e+001
+9.77337500000e+005, +2.69351670843e+001, -8.23733469903e+001
+9.77450000000e+005, +2.67802713655e+001, -8.23356126419e+001
+9.77562500000e+005, +2.66241680931e+001, -8.22950472753e+001
+9.77675000000e+005, +2.64686388165e+001, -8.22566919631e+001
+9.77787500000e+005, +2.63126762932e+001, -8.22150857944e+001
+9.77900000000e+005, +2.61570179046e+001, -8.21718410571e+001
+9.78012500000e+005, +2.60011216873e+001, -8.21293077867e+001
+9.78125000000e+005, +2.58445104829e+001, -8.20852609953e+001
+9.78237500000e+005, +2.56883289326e+001, -8.20397379693e+001
+9.78350000000e+005, +2.55319301137e+001, -8.19941779303e+001
+9.78462500000e+005, +2.53751269713e+001, -8.19448402954e+001
+9.78575000000e+005, +2.52191043513e+001, -8.18968490295e+001
+9.78687500000e+005, +2.50618486587e+001, -8.18472425229e+001
+9.78800000000e+005, +2.49044927968e+001, -8.17963609689e+001
+9.78912500000e+005, +2.47476086790e+001, -8.17444783078e+001
+9.79025000000e+005, +2.45911196403e+001, -8.16917747850e+001
+9.79137500000e+005, +2.44329060732e+001, -8.16381549672e+001
+9.79250000000e+005, +2.42763005656e+001, -8.15840302466e+001
+9.79362500000e+005, +2.41187754053e+001, -8.15262759342e+001
+9.79475000000e+005, +2.39603899558e+001, -8.14698398766e+001
+9.79587500000e+005, +2.38028257731e+001, -8.14122658414e+001
+9.79700000000e+005, +2.36445647107e+001, -8.13501805016e+001
+9.79812500000e+005, +2.34865163559e+001, -8.12888926598e+001
+9.79925000000e+005, +2.33277968543e+001, -8.12268643828e+001
+9.80037500000e+005, +2.31693903268e+001, -8.11618998158e+001
+9.80150000000e+005, +2.30105060132e+001, -8.10959144557e+001
+9.80262500000e+005, +2.28520455324e+001, -8.10288826263e+001
+9.80375000000e+005, +2.26922665490e+001, -8.09603224103e+001
+9.80487500000e+005, +2.25336132210e+001, -8.08903964442e+001
+9.80600000000e+005, +2.23745913720e+001, -8.08180591876e+001
+9.80712500000e+005, +2.22139953527e+001, -8.07432936940e+001
+9.80825000000e+005, +2.20557828040e+001, -8.06700352168e+001
+9.80937500000e+005, +2.18962107146e+001, -8.05930937595e+001
+9.81050000000e+005, +2.17362568667e+001, -8.05123617984e+001
+9.81162500000e+005, +2.15762144923e+001, -8.04336662169e+001
+9.81275000000e+005, +2.14161636539e+001, -8.03515074229e+001
+9.81387500000e+005, +2.12562709314e+001, -8.02667782565e+001
+9.81500000000e+005, +2.10953324862e+001, -8.01816443862e+001
+9.81612500000e+005, +2.09350896577e+001, -8.00921049876e+001
+9.81725000000e+005, +2.07746419097e+001, -8.00027883697e+001
+9.81837500000e+005, +2.06142042802e+001, -7.99089754216e+001
+9.81950000000e+005, +2.04530777124e+001, -7.98123625698e+001
+9.82062500000e+005, +2.02919612624e+001, -7.97167865536e+001
+9.82175000000e+005, +2.01315566255e+001, -7.96181617069e+001
+9.82287500000e+005, +1.99699498470e+001, -7.95131801079e+001
+9.82400000000e+005, +1.98093471110e+001, -7.94081546678e+001
+9.82512500000e+005, +1.96494533878e+001, -7.93017271967e+001
+9.82625000000e+005, +1.94882852749e+001, -7.91931665589e+001
+9.82737500000e+005, +1.93272728941e+001, -7.90827885221e+001
+9.82850000000e+005, +1.91665461490e+001, -7.89678267172e+001
+9.82962500000e+005, +1.90060407782e+001, -7.88524713449e+001
+9.83075000000e+005, +1.88456072273e+001, -7.87358662239e+001
+9.83187500000e+005, +1.86848727189e+001, -7.86175296946e+001
+9.83300000000e+005, +1.85238920592e+001, -7.84933474733e+001
+9.83412500000e+005, +1.83625892330e+001, -7.83685566028e+001
+9.83525000000e+005, +1.82016375465e+001, -7.82430695641e+001
+9.83637500000e+005, +1.80398858212e+001, -7.81130177132e+001
+9.83750000000e+005, +1.78781663455e+001, -7.79820557498e+001
+9.83862500000e+005, +1.77164855810e+001, -7.78502134737e+001
+9.83975000000e+005, +1.75538076849e+001, -7.77089482368e+001
+9.84087500000e+005, +1.73910123604e+001, -7.75671340649e+001
+9.84200000000e+005, +1.72282667037e+001, -7.74196009085e+001
+9.84312500000e+005, +1.70660800598e+001, -7.72699624127e+001
+9.84425000000e+005, +1.69028913823e+001, -7.71179348498e+001
+9.84537500000e+005, +1.67405601382e+001, -7.69651625269e+001
+9.84650000000e+005, +1.65775052016e+001, -7.68041461189e+001
+9.84762500000e+005, +1.64145908571e+001, -7.66423220209e+001
+9.84875000000e+005, +1.62512572124e+001, -7.64723174594e+001
+9.84987500000e+005, +1.60877561710e+001, -7.63032210578e+001
+9.85100000000e+005, +1.59244674391e+001, -7.61271953740e+001
+9.85212500000e+005, +1.57605792352e+001, -7.59491877144e+001
+9.85325000000e+005, +1.55965963001e+001, -7.57649130029e+001
+9.85437500000e+005, +1.54318254983e+001, -7.55726577932e+001
+9.85550000000e+005, +1.52674494270e+001, -7.53789040969e+001
+9.85662500000e+005, +1.51027581793e+001, -7.51776789609e+001
+9.85775000000e+005, +1.49388682586e+001, -7.49673241445e+001
+9.85887500000e+005, +1.47734605268e+001, -7.47550760311e+001
+9.86000000000e+005, +1.46090901696e+001, -7.45398834897e+001
+9.86112500000e+005, +1.44448571564e+001, -7.43121574637e+001
+9.86225000000e+005, +1.42806141388e+001, -7.40812392340e+001
+9.86337500000e+005, +1.41161968475e+001, -7.38450688265e+001
+9.86450000000e+005, +1.39514625911e+001, -7.35999878847e+001
+9.86562500000e+005, +1.37876954462e+001, -7.33492583044e+001
+9.86675000000e+005, +1.36227695911e+001, -7.30914438460e+001
+9.86787500000e+005, +1.34582157826e+001, -7.28278299216e+001
+9.86900000000e+005, +1.32944480191e+001, -7.25554375101e+001
+9.87012500000e+005, +1.31305626019e+001, -7.22762482685e+001
+9.87125000000e+005, +1.29652093401e+001, -7.19849744877e+001
+9.87237500000e+005, +1.28006635958e+001, -7.16895430979e+001
+9.87350000000e+005, +1.26363960573e+001, -7.13812121770e+001
+9.87462500000e+005, +1.24719642207e+001, -7.10646364294e+001
+9.87575000000e+005, +1.23078405271e+001, -7.07388301579e+001
+9.87687500000e+005, +1.21430307472e+001, -7.04017276051e+001
+9.87800000000e+005, +1.19790895559e+001, -7.00536820470e+001
+9.87912500000e+005, +1.18151041687e+001, -6.96921610183e+001
+9.88025000000e+005, +1.16514385623e+001, -6.93186995776e+001
+9.88137500000e+005, +1.14888159828e+001, -6.89361093920e+001
+9.88250000000e+005, +1.13254649690e+001, -6.85345080577e+001
+9.88362500000e+005, +1.11636072536e+001, -6.81278835629e+001
+9.88475000000e+005, +1.10012856221e+001, -6.77046755168e+001
+9.88587500000e+005, +1.08397647716e+001, -6.72668167521e+001
+9.88700000000e+005, +1.06785855123e+001, -6.68199051386e+001
+9.88812500000e+005, +1.05168112766e+001, -6.63533853124e+001
+9.88925000000e+005, +1.03559988885e+001, -6.58737594196e+001
+9.89037500000e+005, +1.01957308082e+001, -6.53758934125e+001
+9.89150000000e+005, +1.00345766785e+001, -6.48611753275e+001
+9.89262500000e+005, +9.87415763110e+000, -6.43231662365e+001
+9.89375000000e+005, +9.71446653040e+000, -6.37676949854e+001
+9.89487500000e+005, +9.55519241032e+000, -6.31910338271e+001
+9.89600000000e+005, +9.39609913168e+000, -6.25895808637e+001
+9.89712500000e+005, +9.23782388416e+000, -6.19629646200e+001
+9.89825000000e+005, +9.08066214767e+000, -6.13109298639e+001
+9.89937500000e+005, +8.92416780030e+000, -6.06310441056e+001
+9.90050000000e+005, +8.76850109976e+000, -5.99273998299e+001
+9.90162500000e+005, +8.61369739137e+000, -5.91852620489e+001
+9.90275000000e+005, +8.46072166581e+000, -5.84189843685e+001
+9.90387500000e+005, +8.30877320777e+000, -5.76212057170e+001
+9.90500000000e+005, +8.15851266842e+000, -5.67864592455e+001
+9.90612500000e+005, +8.00953929695e+000, -5.59110625037e+001
+9.90725000000e+005, +7.86248383539e+000, -5.50041978922e+001
+9.90837500000e+005, +7.71738397934e+000, -5.40568779757e+001
+9.90950000000e+005, +7.57371312041e+000, -5.30625810400e+001
+9.91062500000e+005, +7.43354263203e+000, -5.20280961192e+001
+9.91175000000e+005, +7.29464120565e+000, -5.09540507649e+001
+9.91287500000e+005, +7.15844656329e+000, -4.98163551786e+001
+9.91400000000e+005, +7.02505891023e+000, -4.86469163251e+001
+9.91512500000e+005, +6.89486498092e+000, -4.74156145164e+001
+9.91625000000e+005, +6.76771137905e+000, -4.61288596129e+001
+9.91737500000e+005, +6.64435197662e+000, -4.47899533667e+001
+9.91850000000e+005, +6.52542904573e+000, -4.33902267460e+001
+9.91962500000e+005, +6.41050247591e+000, -4.19325228903e+001
+9.92075000000e+005, +6.30108250074e+000, -4.04133721170e+001
+9.92187500000e+005, +6.19627544962e+000, -3.88495557874e+001
+9.92300000000e+005, +6.09708446149e+000, -3.72206287511e+001
+9.92412500000e+005, +6.00315097146e+000, -3.55444258031e+001
+9.92525000000e+005, +5.91465800739e+000, -3.38157462681e+001
+9.92637500000e+005, +5.83115761429e+000, -3.20382402502e+001
+9.92750000000e+005, +5.75332848383e+000, -3.01905843262e+001
+9.92862500000e+005, +5.68055953462e+000, -2.83088946075e+001
+9.92975000000e+005, +5.61450514046e+000, -2.63592560009e+001
+9.93087500000e+005, +5.55411682752e+000, -2.43589058433e+001
+9.93200000000e+005, +5.50140404122e+000, -2.23026320497e+001
+9.93312500000e+005, +5.45595589111e+000, -2.01926464648e+001
+9.93425000000e+005, +5.41913439347e+000, -1.80505257186e+001
+9.93537500000e+005, +5.39041301014e+000, -1.58649460341e+001
+9.93650000000e+005, +5.36999759426e+000, -1.36474240005e+001
+9.93762500000e+005, +5.35793360912e+000, -1.14148987356e+001
+9.93875000000e+005, +5.35551425949e+000, -9.16388863766e+000
+9.93987500000e+005, +5.36202154394e+000, -6.90342261506e+000
+9.94100000000e+005, +5.37719692158e+000, -4.64891245351e+000
+9.94212500000e+005, +5.40179242144e+000, -2.41068297860e+000
+9.94325000000e+005, +5.43526819549e+000, -1.89641513139e-001
+9.94437500000e+005, +5.47725070213e+000, +2.01347794689e+000
+9.94550000000e+005, +5.52863568808e+000, +4.18505434114e+000
+9.94662500000e+005, +5.58798584287e+000, +6.31438054204e+000
+9.94775000000e+005, +5.65651533541e+000, +8.40461866302e+000
+9.94887500000e+005, +5.73341586919e+000, +1.04408436350e+001
+9.95000000000e+005, +5.81886499865e+000, +1.24195270787e+001
+9.95112500000e+005, +5.91188136889e+000, +1.43446463678e+001
+9.95225000000e+005, +6.01246141167e+000, +1.62056622439e+001
+9.95337500000e+005, +6.12012098536e+000, +1.79952882172e+001
+9.95450000000e+005, +6.23454648039e+000, +1.97310673445e+001
+9.95562500000e+005, +6.35542576128e+000, +2.13959084134e+001
+9.95675000000e+005, +6.48260755293e+000, +2.29907170923e+001
+9.95787500000e+005, +6.61498631432e+000, +2.45255927560e+001
+9.95900000000e+005, +6.75400344804e+000, +2.59889102809e+001
+9.96012500000e+005, +6.89727970935e+000, +2.73874945767e+001
+9.96125000000e+005, +7.04462229194e+000, +2.87172785575e+001
+9.96237500000e+005, +7.19470627729e+000, +2.99776498866e+001
+9.96350000000e+005, +7.34633991793e+000, +3.11856218957e+001
+9.96462500000e+005, +7.50054094101e+000, +3.23563815452e+001
+9.96575000000e+005, +7.65664736682e+000, +3.34864778664e+001
+9.96687500000e+005, +7.81585350364e+000, +3.45946357739e+001
+9.96800000000e+005, +7.97860818592e+000, +3.56640383713e+001
+9.96912500000e+005, +8.14695686341e+000, +3.67118927181e+001
+9.97025000000e+005, +8.31855754436e+000, +3.77243966966e+001
+9.97137500000e+005, +8.49576422652e+000, +3.87013771754e+001
+9.97250000000e+005, +8.67703218771e+000, +3.96430962058e+001
+9.97362500000e+005, +8.86399803218e+000, +4.05548368880e+001
+9.97475000000e+005, +9.05438189784e+000, +4.14307126067e+001
+9.97587500000e+005, +9.25137590186e+000, +4.22690365971e+001
+9.97700000000e+005, +9.45418074404e+000, +4.30775393799e+001
+9.97812500000e+005, +9.66516206836e+000, +4.38411343662e+001
+9.97925000000e+005, +9.88394866423e+000, +4.45467983103e+001
+9.98037500000e+005, +1.01051560187e+001, +4.51596807242e+001
+9.98150000000e+005, +1.03224238212e+001, +4.57043045353e+001
+9.98262500000e+005, +1.05311258160e+001, +4.62326460596e+001
+9.98375000000e+005, +1.07379040110e+001, +4.67735126657e+001
+9.98487500000e+005, +1.09495340030e+001, +4.73181486502e+001
+9.98600000000e+005, +1.11653162651e+001, +4.78414483072e+001
+9.98712500000e+005, +1.13852492408e+001, +4.83489914462e+001
+9.98825000000e+005, +1.16093500532e+001, +4.88312868179e+001
+9.98937500000e+005, +1.18362683105e+001, +4.92820352292e+001
+9.99050000000e+005, +1.20656429603e+001, +4.97132024394e+001
+9.99162500000e+005, +1.22980040581e+001, +5.01144552695e+001
+9.99275000000e+005, +1.25320313506e+001, +5.04920841847e+001
+9.99387500000e+005, +1.27678587726e+001, +5.08442920448e+001
+9.99500000000e+005, +1.30028588410e+001, +5.11782506339e+001
+9.99612500000e+005, +1.32398387730e+001, +5.14960270164e+001
+9.99725000000e+005, +1.34764556089e+001, +5.17961315555e+001
+9.99837500000e+005, +1.37156195217e+001, +5.20842403302e+001
+9.99950000000e+005, +1.39537711549e+001, +5.23580917977e+001
+1.00006250000e+006, +1.41932622813e+001, +5.26275603141e+001
+1.00017500000e+006, +1.44363600414e+001, +5.28890269222e+001
+1.00028750000e+006, +1.46824636737e+001, +5.31355090050e+001
+1.00040000000e+006, +1.49324384044e+001, +5.33686542399e+001
+1.00051250000e+006, +1.51847815040e+001, +5.35857864551e+001
+1.00062500000e+006, +1.54389739474e+001, +5.37838711050e+001
+1.00073750000e+006, +1.56938857061e+001, +5.39638604772e+001
+1.00085000000e+006, +1.59512822236e+001, +5.41286292235e+001
+1.00096250000e+006, +1.62096947659e+001, +5.42805911534e+001
+1.00107500000e+006, +1.64681908286e+001, +5.44189408031e+001
+1.00118750000e+006, +1.67284135927e+001, +5.45444829650e+001
+1.00130000000e+006, +1.69908980383e+001, +5.46577805268e+001
+1.00141250000e+006, +1.72533690157e+001, +5.47620755811e+001
+1.00152500000e+006, +1.75180528981e+001, +5.48512355661e+001
+1.00163750000e+006, +1.77824471646e+001, +5.49286301349e+001
+1.00175000000e+006, +1.80500492105e+001, +5.49952421292e+001
+1.00186250000e+006, +1.83180971256e+001, +5.50450159005e+001
+1.00197500000e+006, +1.85856186000e+001, +5.50864671234e+001
+1.00208750000e+006, +1.88554112732e+001, +5.51125413450e+001
+1.00220000000e+006, +1.91242910497e+001, +5.51279260966e+001
+1.00231250000e+006, +1.93945476272e+001, +5.51281995861e+001
+1.00242500000e+006, +1.96637859627e+001, +5.51169992568e+001
+1.00253750000e+006, +1.99329666551e+001, +5.50963772173e+001
+1.00265000000e+006, +2.02010631518e+001, +5.50647412680e+001
+1.00276250000e+006, +2.04677542081e+001, +5.50216255433e+001
+1.00287500000e+006, +2.07324844131e+001, +5.49733583280e+001
+1.00298750000e+006, +2.09974733191e+001, +5.49155937685e+001
+1.00310000000e+006, +2.12610850171e+001, +5.48551091687e+001
+1.00321250000e+006, +2.15252123941e+001, +5.47849058009e+001
+1.00332500000e+006, +2.17865358739e+001, +5.47080209138e+001
+1.00343750000e+006, +2.20494522831e+001, +5.46266607460e+001
+1.00355000000e+006, +2.23125616125e+001, +5.45362350873e+001
+1.00366250000e+006, +2.25761040995e+001, +5.44400552115e+001
+1.00377500000e+006, +2.28403970243e+001, +5.43346234045e+001
+1.00388750000e+006, +2.31038912053e+001, +5.42135987183e+001
+1.00400000000e+006, +2.33676272369e+001, +5.40795591548e+001
+1.00411250000e+006, +2.36272758382e+001, +5.39316778438e+001
+1.00422500000e+006, +2.38853604752e+001, +5.37657873990e+001
+1.00433750000e+006, +2.41378102526e+001, +5.35934472441e+001
+1.00445000000e+006, +2.43847856707e+001, +5.34101242658e+001
+1.00456250000e+006, +2.46263479200e+001, +5.32217132215e+001
+1.00467500000e+006, +2.48627257066e+001, +5.30293433480e+001
+1.00478750000e+006, +2.50932901022e+001, +5.28330528939e+001
+1.00490000000e+006, +2.53196892599e+001, +5.26388519435e+001
+1.00501250000e+006, +2.55394677104e+001, +5.24398073371e+001
+1.00512500000e+006, +2.57561996316e+001, +5.22438675660e+001
+1.00523750000e+006, +2.59686949052e+001, +5.20510220330e+001
+1.00535000000e+006, +2.61807242449e+001, +5.18558032947e+001
+1.00546250000e+006, +2.63890759218e+001, +5.16597236350e+001
+1.00557500000e+006, +2.65952575398e+001, +5.14658614223e+001
+1.00568750000e+006, +2.68003348557e+001, +5.12624704506e+001
+1.00580000000e+006, +2.70042642412e+001, +5.10566196954e+001
+1.00591250000e+006, +2.72050603630e+001, +5.08449636081e+001
+1.00602500000e+006, +2.74032140026e+001, +5.06250429916e+001
+1.00613750000e+006, +2.75978535310e+001, +5.03974534573e+001
+1.00625000000e+006, +2.77883294158e+001, +5.01587085464e+001
+1.00636250000e+006, +2.79729367092e+001, +4.99155078518e+001
+1.00647500000e+006, +2.81519266693e+001, +4.96605115712e+001
+1.00658750000e+006, +2.83241788227e+001, +4.93985443540e+001
+1.00670000000e+006, +2.84894537509e+001, +4.91282040658e+001
+1.00681250000e+006, +2.86446995204e+001, +4.88554065005e+001
+1.00692500000e+006, +2.87937392847e+001, +4.85719950690e+001
+1.00703750000e+006, +2.89320791170e+001, +4.82847016229e+001
+1.00715000000e+006, +2.90619796461e+001, +4.79971334841e+001
+1.00726250000e+006, +2.91816766809e+001, +4.77053794796e+001
+1.00737500000e+006, +2.92910383530e+001, +4.74099356578e+001
+1.00748750000e+006, +2.93891377789e+001, +4.71157855089e+001
+1.00760000000e+006, +2.94783522511e+001, +4.68218310620e+001
+1.00771250000e+006, +2.95548893558e+001, +4.65270093436e+001
+1.00782500000e+006, +2.96205408480e+001, +4.62350479666e+001
+1.00793750000e+006, +2.96747666683e+001, +4.59422817798e+001
+1.00805000000e+006, +2.97163258098e+001, +4.56538087934e+001
+1.00816250000e+006, +2.97462013025e+001, +4.53714744433e+001
+1.00827500000e+006, +2.97628235299e+001, +4.50920778606e+001
+1.00838750000e+006, +2.97681821935e+001, +4.48206498741e+001
+1.00850000000e+006, +2.97598304186e+001, +4.45541596757e+001
+1.00861250000e+006, +2.97373147661e+001, +4.42970881773e+001
+1.00872500000e+006, +2.97014954603e+001, +4.40507885203e+001
+1.00883750000e+006, +2.96504743053e+001, +4.38160147238e+001
+1.00895000000e+006, +2.95855899551e+001, +4.35965239724e+001
+1.00906250000e+006, +2.95060585474e+001, +4.33948452823e+001
+1.00917500000e+006, +2.94115306434e+001, +4.32139017828e+001
+1.00928750000e+006, +2.93033469597e+001, +4.30540175671e+001
+1.00940000000e+006, +2.91833165282e+001, +4.29224924738e+001
+1.00951250000e+006, +2.90520606636e+001, +4.28214870554e+001
+1.00962500000e+006, +2.89099263626e+001, +4.27530925198e+001
+1.00973750000e+006, +2.87598800288e+001, +4.27130331794e+001
+1.00985000000e+006, +2.86017278384e+001, +4.27117864336e+001
+1.00996250000e+006, +2.84361865655e+001, +4.27446812500e+001
+1.01007500000e+006, +2.82662920630e+001, +4.28206243678e+001
+1.01018750000e+006, +2.80934990039e+001, +4.29321537465e+001
+1.01030000000e+006, +2.79205949446e+001, +4.30852550291e+001
+1.01041250000e+006, +2.77471846647e+001, +4.32783581586e+001
+1.01052500000e+006, +2.75725854277e+001, +4.35110928612e+001
+1.01063750000e+006, +2.73991608335e+001, +4.37881590783e+001
+1.01075000000e+006, +2.72300079706e+001, +4.41199891450e+001
+1.01086250000e+006, +2.70728523532e+001, +4.45220179204e+001
+1.01097500000e+006, +2.69556077025e+001, +4.49519021867e+001
+1.01108750000e+006, +2.68471271666e+001, +4.53231421801e+001
+1.01120000000e+006, +2.67138509754e+001, +4.57293129375e+001
+1.01131250000e+006, +2.65851321475e+001, +4.61937923223e+001
+1.01142500000e+006, +2.64689242409e+001, +4.67037541998e+001
+1.01153750000e+006, +2.63645285287e+001, +4.72474503248e+001
+1.01165000000e+006, +2.62774026304e+001, +4.78170961189e+001
+1.01176250000e+006, +2.62002032851e+001, +4.84145661015e+001
+1.01187500000e+006, +2.61359451094e+001, +4.90345768500e+001
+1.01198750000e+006, +2.60866573203e+001, +4.96780580337e+001
+1.01210000000e+006, +2.60536168581e+001, +5.03444964885e+001
+1.01221250000e+006, +2.60392055597e+001, +5.10228607847e+001
+1.01232500000e+006, +2.60385380237e+001, +5.17052638706e+001
+1.01243750000e+006, +2.60476590922e+001, +5.23943729896e+001
+1.01255000000e+006, +2.60724147058e+001, +5.31037289246e+001
+1.01266250000e+006, +2.61140544170e+001, +5.38225647268e+001
+1.01277500000e+006, +2.61702670742e+001, +5.45423442313e+001
+1.01288750000e+006, +2.62427205123e+001, +5.52649245388e+001
+1.01300000000e+006, +2.63310317466e+001, +5.59880584771e+001
+1.01311250000e+006, +2.64370857876e+001, +5.67129521829e+001
+1.01322500000e+006, +2.65577728593e+001, +5.74305138854e+001
+1.01333750000e+006, +2.66946939006e+001, +5.81369332729e+001
+1.01345000000e+006, +2.68473305877e+001, +5.88377615545e+001
+1.01356250000e+006, +2.70152387933e+001, +5.95221380951e+001
+1.01367500000e+006, +2.71983540570e+001, +6.01953059959e+001
+1.01378750000e+006, +2.73951563613e+001, +6.08516049985e+001
+1.01390000000e+006, +2.76072944517e+001, +6.14897580111e+001
+1.01401250000e+006, +2.78349333807e+001, +6.21098541770e+001
+1.01412500000e+006, +2.80756020149e+001, +6.27041820407e+001
+1.01423750000e+006, +2.83332235985e+001, +6.32720310697e+001
+1.01435000000e+006, +2.86030087250e+001, +6.38043606816e+001
+1.01446250000e+006, +2.88828093082e+001, +6.42923188479e+001
+1.01457500000e+006, +2.91662561762e+001, +6.47362059602e+001
+1.01468750000e+006, +2.94447418942e+001, +6.51431640076e+001
+1.01480000000e+006, +2.97155640142e+001, +6.55218959325e+001
+1.01491250000e+006, +2.99786658925e+001, +6.58855941809e+001
+1.01502500000e+006, +3.02367315215e+001, +6.62355583924e+001
+1.01513750000e+006, +3.04865264485e+001, +6.65710379811e+001
+1.01525000000e+006, +3.07234549046e+001, +6.69026926524e+001
+1.01536250000e+006, +3.09444432166e+001, +6.72478049571e+001
+1.01547500000e+006, +3.11604836100e+001, +6.76349833066e+001
+1.01558750000e+006, +3.13924185119e+001, +6.80542196829e+001
+1.01570000000e+006, +3.16469377456e+001, +6.84811314382e+001
+1.01581250000e+006, +3.19186121829e+001, +6.88992224239e+001
+1.01592500000e+006, +3.22042281136e+001, +6.92974686112e+001
+1.01603750000e+006, +3.25005733370e+001, +6.96750700816e+001
+1.01615000000e+006, +3.28038105055e+001, +7.00330715174e+001
+1.01626250000e+006, +3.31097537772e+001, +7.03659426150e+001
+1.01637500000e+006, +3.34160665913e+001, +7.06821207926e+001
+1.01648750000e+006, +3.37170787399e+001, +7.09806961390e+001
+1.01660000000e+006, +3.40097746658e+001, +7.12781727938e+001
+1.01671250000e+006, +3.43015833955e+001, +7.15798182148e+001
+1.01682500000e+006, +3.45946037865e+001, +7.18929313907e+001
+1.01693750000e+006, +3.48925473065e+001, +7.22163247159e+001
+1.01705000000e+006, +3.52033209312e+001, +7.25472338077e+001
+1.01716250000e+006, +3.55303600994e+001, +7.28821780733e+001
+1.01727500000e+006, +3.58803208777e+001, +7.31961563567e+001
+1.01738750000e+006, +3.62396346051e+001, +7.34743507893e+001
+1.01750000000e+006, +3.65927063219e+001, +7.37340283944e+001
+1.01761250000e+006, +3.69445369435e+001, +7.39885565951e+001
+1.01772500000e+006, +3.73009339000e+001, +7.42387061108e+001
+1.01783750000e+006, +3.76624234744e+001, +7.44764553322e+001
+1.01795000000e+006, +3.80278706650e+001, +7.47068515282e+001
+1.01806250000e+006, +3.83974231230e+001, +7.49270378105e+001
+1.01817500000e+006, +3.87699048333e+001, +7.51359798175e+001
+1.01828750000e+006, +3.91454325317e+001, +7.53343902175e+001
+1.01840000000e+006, +3.95249169535e+001, +7.55240028200e+001
+1.01851250000e+006, +3.99035232315e+001, +7.57006394766e+001
+1.01862500000e+006, +4.02828305039e+001, +7.58749967043e+001
+1.01873750000e+006, +4.06620879355e+001, +7.60380048977e+001
+1.01885000000e+006, +4.10456681925e+001, +7.61937040371e+001
+1.01896250000e+006, +4.14279979875e+001, +7.63408228328e+001
+1.01907500000e+006, +4.18107074169e+001, +7.64823161167e+001
+1.01918750000e+006, +4.21915271554e+001, +7.66177835815e+001
+1.01930000000e+006, +4.25708522318e+001, +7.67457437244e+001
+1.01941250000e+006, +4.29492622511e+001, +7.68718975912e+001
+1.01952500000e+006, +4.33280577534e+001, +7.69935650161e+001
+1.01963750000e+006, +4.37054875084e+001, +7.71151793116e+001
+1.01975000000e+006, +4.40817577077e+001, +7.72316777773e+001
+1.01986250000e+006, +4.44571605689e+001, +7.73455369379e+001
+1.01997500000e+006, +4.48345724729e+001, +7.74607970463e+001
+1.02008750000e+006, +4.52103524148e+001, +7.75739777546e+001
+1.02020000000e+006, +4.55875746183e+001, +7.76854600515e+001
+1.02031250000e+006, +4.59657857901e+001, +7.77978034922e+001
+1.02042500000e+006, +4.63437302733e+001, +7.79090406666e+001
+1.02053750000e+006, +4.67217208159e+001, +7.80204404655e+001
+1.02065000000e+006, +4.71018731404e+001, +7.81325729081e+001
+1.02076250000e+006, +4.74850332008e+001, +7.82438433469e+001
+1.02087500000e+006, +4.78689949318e+001, +7.83581422938e+001
+1.02098750000e+006, +4.82568965657e+001, +7.84688294159e+001
+1.02110000000e+006, +4.86456052961e+001, +7.85833939324e+001
+1.02121250000e+006, +4.90380469640e+001, +7.86962981165e+001
+1.02132500000e+006, +4.94348371871e+001, +7.88087953491e+001
+1.02143750000e+006, +4.98341571124e+001, +7.89214818244e+001
+1.02155000000e+006, +5.02373641390e+001, +7.90319288769e+001
+1.02166250000e+006, +5.06453914871e+001, +7.91402012000e+001
+1.02177500000e+006, +5.10577627325e+001, +7.92513577838e+001
+1.02188750000e+006, +5.14711466348e+001, +7.93581408078e+001
+1.02200000000e+006, +5.18908748141e+001, +7.94642386855e+001
+1.02211250000e+006, +5.23117803954e+001, +7.95659080425e+001
+1.02222500000e+006, +5.27391068415e+001, +7.96720015087e+001
+1.02233750000e+006, +5.31746459676e+001, +7.97746021733e+001
+1.02245000000e+006, +5.36125812305e+001, +7.98749193192e+001
+1.02256250000e+006, +5.40565738859e+001, +7.99706511114e+001
+1.02267500000e+006, +5.45044326239e+001, +8.00632972099e+001
+1.02278750000e+006, +5.49572301465e+001, +8.01514498526e+001
+1.02290000000e+006, +5.54130067941e+001, +8.02366831320e+001
+1.02301250000e+006, +5.58728261241e+001, +8.03188420986e+001
+1.02312500000e+006, +5.63364961623e+001, +8.03982593281e+001
+1.02323750000e+006, +5.68031304888e+001, +8.04735100315e+001
+1.02335000000e+006, +5.72738176178e+001, +8.05453993970e+001
+1.02346250000e+006, +5.77481064218e+001, +8.06156609218e+001
+1.02357500000e+006, +5.82246467653e+001, +8.06808175494e+001
+1.02368750000e+006, +5.87038772046e+001, +8.07438127375e+001
+1.02380000000e+006, +5.91856061995e+001, +8.08021921001e+001
+1.02391250000e+006, +5.96703481872e+001, +8.08584134406e+001
+1.02402500000e+006, +6.01568462124e+001, +8.09113851047e+001
+1.02413750000e+006, +6.06445894329e+001, +8.09620603406e+001
+1.02425000000e+006, +6.11339446658e+001, +8.10126248637e+001
+1.02436250000e+006, +6.16254844808e+001, +8.10611751550e+001
+1.02447500000e+006, +6.21208744126e+001, +8.11084491361e+001
+1.02458750000e+006, +6.26184817783e+001, +8.11546598115e+001
+1.02470000000e+006, +6.31199444788e+001, +8.12006362968e+001
+1.02481250000e+006, +6.36239545190e+001, +8.12438139757e+001
+1.02492500000e+006, +6.41301989478e+001, +8.12851332809e+001
+1.02503750000e+006, +6.46414805612e+001, +8.13270832069e+001
+1.02515000000e+006, +6.51563702298e+001, +8.13673200529e+001
+1.02526250000e+006, +6.56759096524e+001, +8.14051270315e+001
+1.02537500000e+006, +6.61984231827e+001, +8.14412296910e+001
+1.02548750000e+006, +6.67243208468e+001, +8.14753638484e+001
+1.02560000000e+006, +6.72522958665e+001, +8.15070937820e+001
+1.02571250000e+006, +6.77854267359e+001, +8.15373320637e+001
+1.02582500000e+006, +6.83200664353e+001, +8.15658672766e+001
+1.02593750000e+006, +6.88572293385e+001, +8.15930669551e+001
+1.02605000000e+006, +6.93992855534e+001, +8.16194102256e+001
+1.02616250000e+006, +6.99419710075e+001, +8.16449846006e+001
+1.02627500000e+006, +7.04906081347e+001, +8.16707200150e+001
+1.02638750000e+006, +7.10428159733e+001, +8.16949338315e+001
+1.02650000000e+006, +7.15988429855e+001, +8.17203374867e+001
+1.02661250000e+006, +7.21650278381e+001, +8.17425340540e+001
+1.02672500000e+006, +7.27310520788e+001, +8.17634662663e+001
+1.02683750000e+006, +7.33034271290e+001, +8.17800216307e+001
+1.02695000000e+006, +7.38765646969e+001, +8.17971096678e+001
+1.02706250000e+006, +7.44560085016e+001, +8.18106963537e+001
+1.02717500000e+006, +7.50381534162e+001, +8.18238648080e+001
+1.02728750000e+006, +7.56235669285e+001, +8.18368203831e+001
+1.02740000000e+006, +7.62140131998e+001, +8.18490231817e+001
+1.02751250000e+006, +7.68100494940e+001, +8.18597736214e+001
+1.02762500000e+006, +7.74107129593e+001, +8.18696743418e+001
+1.02773750000e+006, +7.80168953987e+001, +8.18792465605e+001
+1.02785000000e+006, +7.86293984171e+001, +8.18857011803e+001
+1.02796250000e+006, +7.92454013799e+001, +8.18908596469e+001
+1.02807500000e+006, +7.98653484016e+001, +8.18939343735e+001
+1.02818750000e+006, +8.04916444509e+001, +8.18961764177e+001
+1.02830000000e+006, +8.11242728219e+001, +8.18959977559e+001
+1.02841250000e+006, +8.17603611807e+001, +8.18927714954e+001
+1.02852500000e+006, +8.24003924914e+001, +8.18905604970e+001
+1.02863750000e+006, +8.30437722132e+001, +8.18848075126e+001
+1.02875000000e+006, +8.36951107790e+001, +8.18787739403e+001
+1.02886250000e+006, +8.43498597689e+001, +8.18710836451e+001
+1.02897500000e+006, +8.50104419040e+001, +8.18617704839e+001
+1.02908750000e+006, +8.56765649156e+001, +8.18498465526e+001
+1.02920000000e+006, +8.63472526129e+001, +8.18365744996e+001
+1.02931250000e+006, +8.70243621254e+001, +8.18220603329e+001
+1.02942500000e+006, +8.77021453406e+001, +8.18062808318e+001
+1.02953750000e+006, +8.83908176893e+001, +8.17889387165e+001
+1.02965000000e+006, +8.90829999611e+001, +8.17685096328e+001
+1.02976250000e+006, +8.97795953251e+001, +8.17500653712e+001
+1.02987500000e+006, +9.04797391961e+001, +8.17272878037e+001
+1.02998750000e+006, +9.11861889500e+001, +8.17029625798e+001
+1.03010000000e+006, +9.18992727554e+001, +8.16776396538e+001
+1.03021250000e+006, +9.26154226576e+001, +8.16503968197e+001
+1.03032500000e+006, +9.33386142659e+001, +8.16212876191e+001
+1.03043750000e+006, +9.40680480614e+001, +8.15922370094e+001
+1.03055000000e+006, +9.47976937660e+001, +8.15592505498e+001
+1.03066250000e+006, +9.55396698424e+001, +8.15264733405e+001
+1.03077500000e+006, +9.62826858847e+001, +8.14936984573e+001
+1.03088750000e+006, +9.70312076072e+001, +8.14577577172e+001
+1.03100000000e+006, +9.77838544847e+001, +8.14218957287e+001
+1.03111250000e+006, +9.85443142874e+001, +8.13830403922e+001
+1.03122500000e+006, +9.93091558956e+001, +8.13465058288e+001
+1.03133750000e+006, +1.00078723234e+002, +8.13071261326e+001
+1.03145000000e+006, +1.00856100031e+002, +8.12676668106e+001
+1.03156250000e+006, +1.01639120984e+002, +8.12263374664e+001
+1.03167500000e+006, +1.02430249420e+002, +8.11860908477e+001
+1.03178750000e+006, +1.03224408294e+002, +8.11434335139e+001
+1.03190000000e+006, +1.04030082146e+002, +8.11023141209e+001
+1.03201250000e+006, +1.04840558905e+002, +8.10576133381e+001
+1.03212500000e+006, +1.05658383098e+002, +8.10153836916e+001
+1.03223750000e+006, +1.06482951269e+002, +8.09696247587e+001
+1.03235000000e+006, +1.07317320699e+002, +8.09243298960e+001
+1.03246250000e+006, +1.08154936701e+002, +8.08775760681e+001
+1.03257500000e+006, +1.09005435177e+002, +8.08311880199e+001
+1.03268750000e+006, +1.09861422223e+002, +8.07860410376e+001
+1.03280000000e+006, +1.10729147164e+002, +8.07402678803e+001
+1.03291250000e+006, +1.11605015688e+002, +8.06957542831e+001
+1.03302500000e+006, +1.12497574099e+002, +8.06508399067e+001
+1.03313750000e+006, +1.13403163446e+002, +8.06041324149e+001
+1.03325000000e+006, +1.14324026769e+002, +8.05537993613e+001
+1.03336250000e+006, +1.15260781604e+002, +8.05011439562e+001
+1.03347500000e+006, +1.16207761651e+002, +8.04448514899e+001
+1.03358750000e+006, +1.17164279831e+002, +8.03847366670e+001
+1.03370000000e+006, +1.18130581891e+002, +8.03213444721e+001
+1.03381250000e+006, +1.19105893540e+002, +8.02559390164e+001
+1.03392500000e+006, +1.20090367686e+002, +8.01889912429e+001
+1.03403750000e+006, +1.21086796506e+002, +8.01173111383e+001
+1.03415000000e+006, +1.22095039421e+002, +8.00472463032e+001
+1.03426250000e+006, +1.23108324218e+002, +7.99728849064e+001
+1.03437500000e+006, +1.24144269354e+002, +7.98982731053e+001
+1.03448750000e+006, +1.25189715676e+002, +7.98178591092e+001
+1.03460000000e+006, +1.26241369216e+002, +7.97379225601e+001
+1.03471250000e+006, +1.27312623242e+002, +7.96518860812e+001
+1.03482500000e+006, +1.28394176699e+002, +7.95635221653e+001
+1.03493750000e+006, +1.29488212961e+002, +7.94760790368e+001
+1.03505000000e+006, +1.30598267498e+002, +7.93792340694e+001
+1.03516250000e+006, +1.31710531638e+002, +7.92815953892e+001
+1.03527500000e+006, +1.32840529180e+002, +7.91827612651e+001
+1.03538750000e+006, +1.33981298411e+002, +7.90794665189e+001
+1.03550000000e+006, +1.35128524536e+002, +7.89739100932e+001
+1.03561250000e+006, +1.36297619568e+002, +7.88637902960e+001
+1.03572500000e+006, +1.37470029749e+002, +7.87515008717e+001
+1.03583750000e+006, +1.38656562423e+002, +7.86365146801e+001
+1.03595000000e+006, +1.39855651140e+002, +7.85169119717e+001
+1.03606250000e+006, +1.41064018504e+002, +7.83970208882e+001
+1.03617500000e+006, +1.42286771185e+002, +7.82757082236e+001
+1.03628750000e+006, +1.43516656822e+002, +7.81521988029e+001
+1.03640000000e+006, +1.44770039074e+002, +7.80240567615e+001
+1.03651250000e+006, +1.46025466690e+002, +7.78976610995e+001
+1.03662500000e+006, +1.47304063181e+002, +7.77662241070e+001
+1.03673750000e+006, +1.48596577043e+002, +7.76344251922e+001
+1.03685000000e+006, +1.49905373580e+002, +7.74997483622e+001
+1.03696250000e+006, +1.51226491406e+002, +7.73625118457e+001
+1.03707500000e+006, +1.52568445532e+002, +7.72236665392e+001
+1.03718750000e+006, +1.53921894856e+002, +7.70833835981e+001
+1.03730000000e+006, +1.55299629904e+002, +7.69407034216e+001
+1.03741250000e+006, +1.56699965574e+002, +7.67944491992e+001
+1.03752500000e+006, +1.58112125981e+002, +7.66469882207e+001
+1.03763750000e+006, +1.59554516794e+002, +7.64936393838e+001
+1.03775000000e+006, +1.61011705436e+002, +7.63411780658e+001
+1.03786250000e+006, +1.62491907261e+002, +7.61812564653e+001
+1.03797500000e+006, +1.63997731417e+002, +7.60198031810e+001
+1.03808750000e+006, +1.65521288674e+002, +7.58566558391e+001
+1.03820000000e+006, +1.67070274548e+002, +7.56892167069e+001
+1.03831250000e+006, +1.68645485585e+002, +7.55158320271e+001
+1.03842500000e+006, +1.70238683863e+002, +7.53413830205e+001
+1.03853750000e+006, +1.71858261585e+002, +7.51602070061e+001
+1.03865000000e+006, +1.73503774606e+002, +7.49754022331e+001
+1.03876250000e+006, +1.75180335982e+002, +7.47869806978e+001
+1.03887500000e+006, +1.76880801504e+002, +7.45959679523e+001
+1.03898750000e+006, +1.78602278085e+002, +7.43981361041e+001
+1.03910000000e+006, +1.80365807034e+002, +7.41991746501e+001
+1.03921250000e+006, +1.82158199724e+002, +7.39948689500e+001
+1.03932500000e+006, +1.83969946782e+002, +7.37852066376e+001
+1.03943750000e+006, +1.85838325259e+002, +7.35706866360e+001
+1.03955000000e+006, +1.87726619740e+002, +7.33483404835e+001
+1.03966250000e+006, +1.89649474626e+002, +7.31208941392e+001
+1.03977500000e+006, +1.91612833330e+002, +7.28855779943e+001
+1.03988750000e+006, +1.93609384662e+002, +7.26459791936e+001
+1.04000000000e+006, +1.95642179484e+002, +7.23991805076e+001
+1.04011250000e+006, +1.97717934160e+002, +7.21424355098e+001
+1.04022500000e+006, +1.99832388866e+002, +7.18798313686e+001
+1.04033750000e+006, +2.01977655926e+002, +7.16085525266e+001
+1.04045000000e+006, +2.04171744023e+002, +7.13327198948e+001
+1.04056250000e+006, +2.06404983648e+002, +7.10455879354e+001
+1.04067500000e+006, +2.08683680311e+002, +7.07531595397e+001
+1.04078750000e+006, +2.11009144200e+002, +7.04480022889e+001
+1.04090000000e+006, +2.13381720987e+002, +7.01313079542e+001
+1.04101250000e+006, +2.15792539804e+002, +6.98103111224e+001
+1.04112500000e+006, +2.18256722831e+002, +6.94740547185e+001
+1.04123750000e+006, +2.20765680406e+002, +6.91300149495e+001
+1.04135000000e+006, +2.23320707788e+002, +6.87754615029e+001
+1.04146250000e+006, +2.25941534058e+002, +6.84061340853e+001
+1.04157500000e+006, +2.28608535213e+002, +6.80272209756e+001
+1.04168750000e+006, +2.31344020568e+002, +6.76340660222e+001
+1.04180000000e+006, +2.34101479088e+002, +6.72264284102e+001
+1.04191250000e+006, +2.36932397400e+002, +6.68032227566e+001
+1.04202500000e+006, +2.39819134902e+002, +6.63652530197e+001
+1.04213750000e+006, +2.42746343087e+002, +6.59128698789e+001
+1.04225000000e+006, +2.45741197482e+002, +6.54458410099e+001
+1.04236250000e+006, +2.48788682594e+002, +6.49603530551e+001
+1.04247500000e+006, +2.51897310467e+002, +6.44582803556e+001
+1.04258750000e+006, +2.55063685290e+002, +6.39402780400e+001
+1.04270000000e+006, +2.58285986386e+002, +6.34001545507e+001
+1.04281250000e+006, +2.61564426141e+002, +6.28474505214e+001
+1.04292500000e+006, +2.64921873644e+002, +6.22657110353e+001
+1.04303750000e+006, +2.68327513339e+002, +6.16645906691e+001
+1.04315000000e+006, +2.71772578369e+002, +6.10396543979e+001
+1.04326250000e+006, +2.75303731585e+002, +6.03944608855e+001
+1.04337500000e+006, +2.78872964639e+002, +5.97184282609e+001
+1.04348750000e+006, +2.82489741136e+002, +5.90182846683e+001
+1.04360000000e+006, +2.86160750401e+002, +5.82886994078e+001
+1.04371250000e+006, +2.89864949997e+002, +5.75311560843e+001
+1.04382500000e+006, +2.93599756884e+002, +5.67444694823e+001
+1.04393750000e+006, +2.97351585237e+002, +5.59270099131e+001
+1.04405000000e+006, +3.01144623505e+002, +5.50836898621e+001
+1.04416250000e+006, +3.04919161500e+002, +5.41980806080e+001
+1.04427500000e+006, +3.08719409112e+002, +5.32868637552e+001
+1.04438750000e+006, +3.12525583578e+002, +5.23350420951e+001
+1.04450000000e+006, +3.16282788394e+002, +5.13527328915e+001
+1.04461250000e+006, +3.20021167039e+002, +5.03314304201e+001
+1.04472500000e+006, +3.23707924987e+002, +4.92756012127e+001
+1.04483750000e+006, +3.27342909620e+002, +4.81820329509e+001
+1.04495000000e+006, +3.30887028163e+002, +4.70520318260e+001
+1.04506250000e+006, +3.34322284705e+002, +4.58828905948e+001
+1.04517500000e+006, +3.37668908789e+002, +4.46758807842e+001
+1.04528750000e+006, +3.40844974340e+002, +4.34315539722e+001
+1.04540000000e+006, +3.43858594266e+002, +4.21462974328e+001
+1.04551250000e+006, +3.46734508637e+002, +4.08329483271e+001
+1.04562500000e+006, +3.49343584553e+002, +3.94774118718e+001
+1.04573750000e+006, +3.51754064527e+002, +3.80893448683e+001
+1.04585000000e+006, +3.53930050214e+002, +3.66662791294e+001
+1.04596250000e+006, +3.55794613956e+002, +3.52118913759e+001
+1.04607500000e+006, +3.57364867998e+002, +3.37232006624e+001
+1.04618750000e+006, +3.58558518635e+002, +3.22088022273e+001
+1.04630000000e+006, +3.59365764045e+002, +3.06706655141e+001
+1.04641250000e+006, +3.59825821267e+002, +2.91260520723e+001
+1.04652500000e+006, +3.59925436017e+002, +2.75613512402e+001
+1.04663750000e+006, +3.59628912045e+002, +2.59867964199e+001
+1.04675000000e+006, +3.58983161509e+002, +2.44043436655e+001
+1.04686250000e+006, +3.57927405789e+002, +2.28100848720e+001
+1.04697500000e+006, +3.56463253602e+002, +2.12200779823e+001
+1.04708750000e+006, +3.54574362241e+002, +1.96312747605e+001
+1.04720000000e+006, +3.52298839697e+002, +1.80419232561e+001
+1.04731250000e+006, +3.49641917676e+002, +1.64721447063e+001
+1.04742500000e+006, +3.46608469155e+002, +1.49189047185e+001
+1.04753750000e+006, +3.43164406493e+002, +1.33860189015e+001
+1.04765000000e+006, +3.39410841037e+002, +1.18761166991e+001
+1.04776250000e+006, +3.35356370969e+002, +1.03948419217e+001
+1.04787500000e+006, +3.31003725255e+002, +8.94322860544e+000
+1.04798750000e+006, +3.26391346926e+002, +7.53345977197e+000
+1.04810000000e+006, +3.21557645041e+002, +6.15637272816e+000
+1.04821250000e+006, +3.16481923369e+002, +4.82567057243e+000
+1.04832500000e+006, +3.11274024335e+002, +3.53417373885e+000
+1.04843750000e+006, +3.05890553687e+002, +2.29245529248e+000
+1.04855000000e+006, +3.00415611511e+002, +1.09146080573e+000
+1.04866250000e+006, +2.94807010158e+002, -5.54379903722e-002
+1.04877500000e+006, +2.89162611580e+002, -1.15307013544e+000
+1.04888750000e+006, +2.83463332869e+002, -2.19844131654e+000
+1.04900000000e+006, +2.77753467671e+002, -3.18853369454e+000
+1.04911250000e+006, +2.72071205438e+002, -4.12856317457e+000
+1.04922500000e+006, +2.66444565944e+002, -5.02363638404e+000
+1.04933750000e+006, +2.60837576542e+002, -5.87288433754e+000
+1.04945000000e+006, +2.55276622649e+002, -6.67541065222e+000
+1.04956250000e+006, +2.49788145967e+002, -7.43283939026e+000
+1.04967500000e+006, +2.44354381048e+002, -8.14384571548e+000
+1.04978750000e+006, +2.38999008932e+002, -8.80676387481e+000
+1.04990000000e+006, +2.33736615136e+002, -9.43056127402e+000
+1.05001250000e+006, +2.28539361899e+002, -1.00067983399e+001
+1.05012500000e+006, +2.23471685876e+002, -1.05416160436e+001
+1.05023750000e+006, +2.18493409479e+002, -1.10337610361e+001
+1.05035000000e+006, +2.13604263065e+002, -1.14858900618e+001
+1.05046250000e+006, +2.08830725440e+002, -1.18990278945e+001
+1.05057500000e+006, +2.04153950136e+002, -1.22746158103e+001
+1.05068750000e+006, +1.99600154370e+002, -1.26105024207e+001
+1.05080000000e+006, +1.95137470634e+002, -1.29124457987e+001
+1.05091250000e+006, +1.90771924819e+002, -1.31777037479e+001
+1.05102500000e+006, +1.86516205778e+002, -1.34101105734e+001
+1.05113750000e+006, +1.82361664188e+002, -1.36071543919e+001
+1.05125000000e+006, +1.78300068881e+002, -1.37708981266e+001
+1.05136250000e+006, +1.74332996536e+002, -1.39011933105e+001
+1.05147500000e+006, +1.70454020603e+002, -1.40012070022e+001
+1.05158750000e+006, +1.66648799712e+002, -1.40670801562e+001
+1.05170000000e+006, +1.62925199831e+002, -1.40935862978e+001
+1.05181250000e+006, +1.59285373524e+002, -1.40748163375e+001
+1.05192500000e+006, +1.55752550679e+002, -1.40147353637e+001
+1.05203750000e+006, +1.52340921471e+002, -1.39158642410e+001
+1.05215000000e+006, +1.49046700573e+002, -1.37834112624e+001
+1.05226250000e+006, +1.45850858086e+002, -1.36276726529e+001
+1.05237500000e+006, +1.42748167790e+002, -1.34399256283e+001
+1.05248750000e+006, +1.39730092394e+002, -1.32271284118e+001
+1.05260000000e+006, +1.36797615316e+002, -1.29834199364e+001
+1.05271250000e+006, +1.33938680178e+002, -1.27088350201e+001
+1.05282500000e+006, +1.31159721201e+002, -1.24040539513e+001
+1.05293750000e+006, +1.28457024614e+002, -1.20663701184e+001
+1.05305000000e+006, +1.25825731582e+002, -1.16977641855e+001
+1.05316250000e+006, +1.23283580501e+002, -1.12952387368e+001
+1.05327500000e+006, +1.20808400794e+002, -1.08630866511e+001
+1.05338750000e+006, +1.18409591704e+002, -1.03976081309e+001
+1.05350000000e+006, +1.16084896527e+002, -9.90047462675e+000
+1.05361250000e+006, +1.13830580859e+002, -9.37302340069e+000
+1.05372500000e+006, +1.11648618820e+002, -8.81241527913e+000
+1.05383750000e+006, +1.09534087367e+002, -8.21777985083e+000
+1.05395000000e+006, +1.07481487664e+002, -7.58830746083e+000
+1.05406250000e+006, +1.05498658970e+002, -6.92201050113e+000
+1.05417500000e+006, +1.03591761303e+002, -6.21641840082e+000
+1.05428750000e+006, +1.01764901348e+002, -5.47099800823e+000
+1.05440000000e+006, +1.00022229238e+002, -4.69339725774e+000
+1.05451250000e+006, +9.83626402400e+001, -3.88730263050e+000
+1.05462500000e+006, +9.67704779018e+001, -3.05359829597e+000
+1.05473750000e+006, +9.52410399889e+001, -2.19059448453e+000
+1.05485000000e+006, +9.37766714827e+001, -1.28611367610e+000
+1.05496250000e+006, +9.23981016784e+001, -3.42980633186e-001
+1.05507500000e+006, +9.11071380325e+001, +6.37383875951e-001
+1.05518750000e+006, +8.99121703340e+001, +1.64749192250e+000
+1.05530000000e+006, +8.88140933031e+001, +2.68228230591e+000
+1.05541250000e+006, +8.78143337998e+001, +3.73277259031e+000
+1.05552500000e+006, +8.69087047381e+001, +4.79159723547e+000
+1.05563750000e+006, +8.60916042595e+001, +5.85301640096e+000
+1.05575000000e+006, +8.53539005930e+001, +6.91280798052e+000
+1.05586250000e+006, +8.46859237985e+001, +7.96326887431e+000
+1.05597500000e+006, +8.40814117292e+001, +9.00650098632e+000
+1.05608750000e+006, +8.35308775978e+001, +1.00398340476e+001
+1.05620000000e+006, +8.30347987306e+001, +1.10649623324e+001
+1.05631250000e+006, +8.25835166725e+001, +1.20814935725e+001
+1.05642500000e+006, +8.21762585932e+001, +1.30933481442e+001
+1.05653750000e+006, +8.18153212441e+001, +1.40968418248e+001
+1.05665000000e+006, +8.14956864064e+001, +1.50887905979e+001
+1.05676250000e+006, +8.12209502430e+001, +1.60721121515e+001
+1.05687500000e+006, +8.09876886019e+001, +1.70407739367e+001
+1.05698750000e+006, +8.07867159297e+001, +1.79926048615e+001
+1.05710000000e+006, +8.06175645416e+001, +1.89263411424e+001
+1.05721250000e+006, +8.04703487532e+001, +1.98450269294e+001
+1.05732500000e+006, +8.03357015707e+001, +2.07499045326e+001
+1.05743750000e+006, +8.02237432368e+001, +2.16450798995e+001
+1.05755000000e+006, +8.01217480877e+001, +2.25298725416e+001
+1.05766250000e+006, +8.00394171049e+001, +2.34079638700e+001
+1.05777500000e+006, +7.99706540963e+001, +2.42803770828e+001
+1.05788750000e+006, +7.99182802010e+001, +2.51481697972e+001
+1.05800000000e+006, +7.98844313110e+001, +2.60121237198e+001
+1.05811250000e+006, +7.98637892773e+001, +2.68712401974e+001
+1.05822500000e+006, +7.98597737486e+001, +2.77265939313e+001
+1.05833750000e+006, +7.98759610125e+001, +2.85771353682e+001
+1.05845000000e+006, +7.99042442078e+001, +2.94256557922e+001
+1.05856250000e+006, +7.99527943518e+001, +3.02714835303e+001
+1.05867500000e+006, +8.00200530966e+001, +3.11164331444e+001
+1.05878750000e+006, +8.01074403359e+001, +3.19583853286e+001
+1.05890000000e+006, +8.02146400143e+001, +3.27986989571e+001
+1.05901250000e+006, +8.03442662443e+001, +3.36330237068e+001
+1.05912500000e+006, +8.04914252391e+001, +3.44606557071e+001
+1.05923750000e+006, +8.06563857120e+001, +3.52827614317e+001
+1.05935000000e+006, +8.08365236203e+001, +3.61015434193e+001
+1.05946250000e+006, +8.10323010442e+001, +3.69175677313e+001
+1.05957500000e+006, +8.12471142612e+001, +3.77318780157e+001
+1.05968750000e+006, +8.14764836430e+001, +3.85438652070e+001
+1.05980000000e+006, +8.17274103740e+001, +3.93563421926e+001
+1.05991250000e+006, +8.20028492676e+001, +4.01663350904e+001
+1.06002500000e+006, +8.22956804231e+001, +4.09733254576e+001
+1.06013750000e+006, +8.26135439032e+001, +4.17799613169e+001
+1.06025000000e+006, +8.29566894254e+001, +4.25814306930e+001
+1.06036250000e+006, +8.33274805083e+001, +4.33828721335e+001
+1.06047500000e+006, +8.37204824819e+001, +4.41800936823e+001
+1.06058750000e+006, +8.41427707290e+001, +4.49695912672e+001
+1.06070000000e+006, +8.45933963640e+001, +4.57560836987e+001
+1.06081250000e+006, +8.50741986174e+001, +4.65382909163e+001
+1.06092500000e+006, +8.55878697756e+001, +4.73120298067e+001
+1.06103750000e+006, +8.61391703815e+001, +4.80802267013e+001
+1.06115000000e+006, +8.67281225566e+001, +4.88374605390e+001
+1.06126250000e+006, +8.73590708849e+001, +4.95811598373e+001
+1.06137500000e+006, +8.80355622874e+001, +5.03061463538e+001
+1.06148750000e+006, +8.87530586538e+001, +5.09994810812e+001
+1.06160000000e+006, +8.94981879589e+001, +5.16574132489e+001
+1.06171250000e+006, +9.02518014949e+001, +5.22767579904e+001
+1.06182500000e+006, +9.09835143462e+001, +5.28672010670e+001
+1.06193750000e+006, +9.16939789494e+001, +5.34437304992e+001
+1.06205000000e+006, +9.23832547532e+001, +5.40201629509e+001
+1.06216250000e+006, +9.30721048191e+001, +5.46011452218e+001
+1.06227500000e+006, +9.37705530945e+001, +5.51875241574e+001
+1.06238750000e+006, +9.44900685382e+001, +5.57765051743e+001
+1.06250000000e+006, +9.52377985013e+001, +5.63625953127e+001
+1.06261250000e+006, +9.60100218402e+001, +5.69418747560e+001
+1.06272500000e+006, +9.68099107051e+001, +5.75128138967e+001
+1.06283750000e+006, +9.76314861442e+001, +5.80755128290e+001
+1.06295000000e+006, +9.84758275861e+001, +5.86243566022e+001
+1.06306250000e+006, +9.93366162293e+001, +5.91650402855e+001
+1.06317500000e+006, +1.00222358555e+002, +5.96967717729e+001
+1.06328750000e+006, +1.01127133871e+002, +6.02173767871e+001
+1.06340000000e+006, +1.02052910234e+002, +6.07271439016e+001
+1.06351250000e+006, +1.02999388204e+002, +6.12237688383e+001
+1.06362500000e+006, +1.03971485569e+002, +6.17083140158e+001
+1.06373750000e+006, +1.04960039676e+002, +6.21795131287e+001
+1.06385000000e+006, +1.05959667889e+002, +6.26362911487e+001
+1.06396250000e+006, +1.06970355268e+002, +6.30823317165e+001
+1.06407500000e+006, +1.07996440722e+002, +6.35180515835e+001
+1.06418750000e+006, +1.09036277424e+002, +6.39409102775e+001
+1.06430000000e+006, +1.10084558427e+002, +6.43557414944e+001
+1.06441250000e+006, +1.11145476035e+002, +6.47619372389e+001
+1.06452500000e+006, +1.12216354210e+002, +6.51585671821e+001
+1.06463750000e+006, +1.13300462176e+002, +6.55503596674e+001
+1.06475000000e+006, +1.14404659732e+002, +6.59383379961e+001
+1.06486250000e+006, +1.15531676989e+002, +6.63180838527e+001
+1.06497500000e+006, +1.16698159061e+002, +6.66869384744e+001
+1.06508750000e+006, +1.17887585984e+002, +6.70323112732e+001
+1.06520000000e+006, +1.19077506083e+002, +6.73553511539e+001
+1.06531250000e+006, +1.20240753945e+002, +6.76664129737e+001
+1.06542500000e+006, +1.21397733855e+002, +6.79836145629e+001
+1.06553750000e+006, +1.22582470064e+002, +6.83020316930e+001
+1.06565000000e+006, +1.23800721055e+002, +6.86087724850e+001
+1.06576250000e+006, +1.25029517474e+002, +6.88984028252e+001
+1.06587500000e+006, +1.26250467469e+002, +6.91768780735e+001
+1.06598750000e+006, +1.27470098188e+002, +6.94509411418e+001
+1.06610000000e+006, +1.28693758348e+002, +6.97226818519e+001
+1.06621250000e+006, +1.29930664247e+002, +6.99924050964e+001
+1.06632500000e+006, +1.31182647062e+002, +7.02579799189e+001
+1.06643750000e+006, +1.32453020026e+002, +7.05188696106e+001
+1.06655000000e+006, +1.33730894072e+002, +7.07710410731e+001
+1.06666250000e+006, +1.35034305358e+002, +7.10162038557e+001
+1.06677500000e+006, +1.36336815322e+002, +7.12577083315e+001
+1.06688750000e+006, +1.37658053572e+002, +7.14873000814e+001
+1.06700000000e+006, +1.38984238355e+002, +7.17124889361e+001
+1.06711250000e+006, +1.40320617767e+002, +7.19336758482e+001
+1.06722500000e+006, +1.41674380866e+002, +7.21487711069e+001
+1.06733750000e+006, +1.43036386006e+002, +7.23611791183e+001
+1.06745000000e+006, +1.44417260207e+002, +7.25634911017e+001
+1.06756250000e+006, +1.45803959847e+002, +7.27617423553e+001
+1.06767500000e+006, +1.47208016103e+002, +7.29547349795e+001
+1.06778750000e+006, +1.48619981768e+002, +7.31392413451e+001
+1.06790000000e+006, +1.50047788189e+002, +7.33156931725e+001
+1.06801250000e+006, +1.51483947598e+002, +7.34883492265e+001
+1.06812500000e+006, +1.52926748196e+002, +7.36543741209e+001
+1.06823750000e+006, +1.54374324420e+002, +7.38138555808e+001
+1.06835000000e+006, +1.55828151651e+002, +7.39681635829e+001
+1.06846250000e+006, +1.57291288266e+002, +7.41172540472e+001
+1.06857500000e+006, +1.58761582934e+002, +7.42619330670e+001
+1.06868750000e+006, +1.60230447398e+002, +7.44027641007e+001
+1.06880000000e+006, +1.61714973578e+002, +7.45385270181e+001
+1.06891250000e+006, +1.63199783057e+002, +7.46711540912e+001
+1.06902500000e+006, +1.64686914675e+002, +7.47994815481e+001
+1.06913750000e+006, +1.66174515311e+002, +7.49274566161e+001
+1.06925000000e+006, +1.67678412755e+002, +7.50533886345e+001
+1.06936250000e+006, +1.69188488887e+002, +7.51779688820e+001
+1.06947500000e+006, +1.70707530147e+002, +7.53030384492e+001
+1.06958750000e+006, +1.72258986430e+002, +7.54279565482e+001
+1.06970000000e+006, +1.73828467989e+002, +7.55445059850e+001
+1.06981250000e+006, +1.75403647905e+002, +7.56503917514e+001
+1.06992500000e+006, +1.76982931849e+002, +7.57565136542e+001
+1.07003750000e+006, +1.78571352938e+002, +7.58572287290e+001
+1.07015000000e+006, +1.80166770260e+002, +7.59539723915e+001
+1.07026250000e+006, +1.81766262084e+002, +7.60446950164e+001
+1.07037500000e+006, +1.83369930396e+002, +7.61321045297e+001
+1.07048750000e+006, +1.84961123951e+002, +7.62210755491e+001
+1.07060000000e+006, +1.86557396618e+002, +7.63076307131e+001
+1.07071250000e+006, +1.88170958555e+002, +7.64001018976e+001
+1.07082500000e+006, +1.89788834977e+002, +7.64883889060e+001
+1.07093750000e+006, +1.91430844983e+002, +7.65776536281e+001
+1.07105000000e+006, +1.93085819061e+002, +7.66626544440e+001
+1.07116250000e+006, +1.94754343504e+002, +7.67446988670e+001
+1.07127500000e+006, +1.96412739037e+002, +7.68327806837e+001
+1.07138750000e+006, +1.98104717444e+002, +7.69181715941e+001
+1.07150000000e+006, +1.99813371327e+002, +7.70044051173e+001
+1.07161250000e+006, +2.01561081879e+002, +7.70845208699e+001
+1.07172500000e+006, +2.03310528369e+002, +7.71631187543e+001
+1.07183750000e+006, +2.05078537921e+002, +7.72393736145e+001
+1.07195000000e+006, +2.06868646994e+002, +7.73119309146e+001
+1.07206250000e+006, +2.08675053246e+002, +7.73791938645e+001
+1.07217500000e+006, +2.10483524103e+002, +7.74435370129e+001
+1.07228750000e+006, +2.12303848781e+002, +7.75063563051e+001
+1.07240000000e+006, +2.14140141334e+002, +7.75661200762e+001
+1.07251250000e+006, +2.15987116278e+002, +7.76258974307e+001
+1.07262500000e+006, +2.17846754135e+002, +7.76810023761e+001
+1.07273750000e+006, +2.19747180653e+002, +7.77354108743e+001
+1.07285000000e+006, +2.21645488364e+002, +7.77834338441e+001
+1.07296250000e+006, +2.23536807628e+002, +7.78271179303e+001
+1.07307500000e+006, +2.25445250238e+002, +7.78762375733e+001
+1.07318750000e+006, +2.27360631434e+002, +7.79245467129e+001
+1.07330000000e+006, +2.29304265772e+002, +7.79659661782e+001
+1.07341250000e+006, +2.31261967251e+002, +7.80132127495e+001
+1.07352500000e+006, +2.33234743280e+002, +7.80538144372e+001
+1.07363750000e+006, +2.35225766769e+002, +7.80964932257e+001
+1.07375000000e+006, +2.37226600383e+002, +7.81339915222e+001
+1.07386250000e+006, +2.39263570577e+002, +7.81684876822e+001
+1.07397500000e+006, +2.41311663526e+002, +7.82062652007e+001
+1.07408750000e+006, +2.43380484577e+002, +7.82392031762e+001
+1.07420000000e+006, +2.45479704029e+002, +7.82668369239e+001
+1.07431250000e+006, +2.47569546489e+002, +7.82902961448e+001
+1.07442500000e+006, +2.49671473940e+002, +7.83128487798e+001
+1.07453750000e+006, +2.51786755558e+002, +7.83323220036e+001
+1.07465000000e+006, +2.53908837556e+002, +7.83480609728e+001
+1.07476250000e+006, +2.56054394488e+002, +7.83675868030e+001
+1.07487500000e+006, +2.58199710364e+002, +7.83816544327e+001
+1.07498750000e+006, +2.60350979328e+002, +7.83932209499e+001
+1.07510000000e+006, +2.62505433073e+002, +7.84092814223e+001
+1.07521250000e+006, +2.64681118790e+002, +7.84238796349e+001
+1.07532500000e+006, +2.66859306842e+002, +7.84395046729e+001
+1.07543750000e+006, +2.69052129636e+002, +7.84557886566e+001
+1.07555000000e+006, +2.71263075542e+002, +7.84771972781e+001
+1.07566250000e+006, +2.73502694969e+002, +7.84958382639e+001
+1.07577500000e+006, +2.75764920794e+002, +7.85141171588e+001
+1.07588750000e+006, +2.78061301216e+002, +7.85380453378e+001
+1.07600000000e+006, +2.80378573545e+002, +7.85538452077e+001
+1.07611250000e+006, +2.82715858555e+002, +7.85773462461e+001
+1.07622500000e+006, +2.85090602595e+002, +7.85955067809e+001
+1.07633750000e+006, +2.87492160833e+002, +7.86139298455e+001
+1.07645000000e+006, +2.89914632505e+002, +7.86291513974e+001
+1.07656250000e+006, +2.92386076776e+002, +7.86413099226e+001
+1.07667500000e+006, +2.94869542217e+002, +7.86563954981e+001
+1.07678750000e+006, +2.97365808272e+002, +7.86634208811e+001
+1.07690000000e+006, +2.99906005464e+002, +7.86738279301e+001
+1.07701250000e+006, +3.02458899255e+002, +7.86834763855e+001
+1.07712500000e+006, +3.05047593482e+002, +7.86896055662e+001
+1.07723750000e+006, +3.07645299358e+002, +7.86936618458e+001
+1.07735000000e+006, +3.10271922721e+002, +7.86931441195e+001
+1.07746250000e+006, +3.12920827445e+002, +7.86971475341e+001
+1.07757500000e+006, +3.15573225335e+002, +7.86988650547e+001
+1.07768750000e+006, +3.18265213489e+002, +7.87030091986e+001
+1.07780000000e+006, +3.21011248559e+002, +7.87033493828e+001
+1.07791250000e+006, +3.23780839301e+002, +7.87044209355e+001
+1.07802500000e+006, +3.26561924940e+002, +7.87038202031e+001
+1.07813750000e+006, +3.29374997406e+002, +7.87028295798e+001
+1.07825000000e+006, +3.32237118572e+002, +7.87002821227e+001
+1.07836250000e+006, +3.35113919536e+002, +7.87008696169e+001
+1.07847500000e+006, +3.38006626260e+002, +7.86970713048e+001
+1.07858750000e+006, +3.40994528399e+002, +7.86905445280e+001
+1.07870000000e+006, +3.43961912713e+002, +7.86884481394e+001
+1.07881250000e+006, +3.46975412112e+002, +7.86803450608e+001
+1.07892500000e+006, +3.50039075847e+002, +7.86737729311e+001
+1.07903750000e+006, +3.53141710540e+002, +7.86612896403e+001
+1.07915000000e+006, +3.56255790704e+002, +7.86511499274e+001
+1.07926250000e+006, +3.59431729693e+002, +7.86354716426e+001
+1.07937500000e+006, +3.62635917836e+002, +7.86204252931e+001
+1.07948750000e+006, +3.65850798883e+002, +7.86061928689e+001
+1.07960000000e+006, +3.69112125998e+002, +7.85865583725e+001
+1.07971250000e+006, +3.72403795909e+002, +7.85714163266e+001
+1.07982500000e+006, +3.75719923899e+002, +7.85535615877e+001
+1.07993750000e+006, +3.79109796492e+002, +7.85325444389e+001
+1.08005000000e+006, +3.82508779680e+002, +7.85141660300e+001
+1.08016250000e+006, +3.85952011283e+002, +7.84925148994e+001
+1.08027500000e+006, +3.89447933416e+002, +7.84712276212e+001
+1.08038750000e+006, +3.92979752302e+002, +7.84470314406e+001
+1.08050000000e+006, +3.96545745594e+002, +7.84220579159e+001
+1.08061250000e+006, +4.00191761751e+002, +7.83972324358e+001
+1.08072500000e+006, +4.03835605369e+002, +7.83715656740e+001
+1.08083750000e+006, +4.07545687312e+002, +7.83455680379e+001
+1.08095000000e+006, +4.11312210432e+002, +7.83167247331e+001
+1.08106250000e+006, +4.15122524540e+002, +7.82898141990e+001
+1.08117500000e+006, +4.19007246386e+002, +7.82596967577e+001
+1.08128750000e+006, +4.22886164524e+002, +7.82237349752e+001
+1.08140000000e+006, +4.26855097694e+002, +7.81953273484e+001
+1.08151250000e+006, +4.30884890399e+002, +7.81619324986e+001
+1.08162500000e+006, +4.34931904931e+002, +7.81284189747e+001
+1.08173750000e+006, +4.39051544834e+002, +7.80886145623e+001
+1.08185000000e+006, +4.43222651405e+002, +7.80491991013e+001
+1.08196250000e+006, +4.47455713274e+002, +7.80123934838e+001
+1.08207500000e+006, +4.51757614041e+002, +7.79747578257e+001
+1.08218750000e+006, +4.56088883601e+002, +7.79336350427e+001
+1.08230000000e+006, +4.60497890897e+002, +7.78899389416e+001
+1.08241250000e+006, +4.64967711138e+002, +7.78475774469e+001
+1.08252500000e+006, +4.69491964228e+002, +7.78008058763e+001
+1.08263750000e+006, +4.74082157730e+002, +7.77532708396e+001
+1.08275000000e+006, +4.78739405115e+002, +7.77034177746e+001
+1.08286250000e+006, +4.83432120384e+002, +7.76596846987e+001
+1.08297500000e+006, +4.88227370012e+002, +7.76053723369e+001
+1.08308750000e+006, +4.93104729148e+002, +7.75530456172e+001
+1.08320000000e+006, +4.98049780631e+002, +7.74937804396e+001
+1.08331250000e+006, +5.03037610471e+002, +7.74422879818e+001
+1.08342500000e+006, +5.08141144992e+002, +7.73871782157e+001
+1.08353750000e+006, +5.13307326028e+002, +7.73314806570e+001
+1.08365000000e+006, +5.18535796900e+002, +7.72667123688e+001
+1.08376250000e+006, +5.23788294715e+002, +7.72051870976e+001
+1.08387500000e+006, +5.29224315396e+002, +7.71414340377e+001
+1.08398750000e+006, +5.34761994462e+002, +7.70741261583e+001
+1.08410000000e+006, +5.40302855867e+002, +7.70019817229e+001
+1.08421250000e+006, +5.45954997248e+002, +7.69405037453e+001
+1.08432500000e+006, +5.51629255864e+002, +7.68658513356e+001
+1.08443750000e+006, +5.57422626185e+002, +7.67942586645e+001
+1.08455000000e+006, +5.63368894952e+002, +7.67117570094e+001
+1.08466250000e+006, +5.69407019519e+002, +7.66358647173e+001
+1.08477500000e+006, +5.75499164832e+002, +7.65553807166e+001
+1.08488750000e+006, +5.81643067153e+002, +7.64771916548e+001
+1.08500000000e+006, +5.87919498788e+002, +7.63947881002e+001
+1.08511250000e+006, +5.94286199920e+002, +7.63119120242e+001
+1.08522500000e+006, +6.00771675894e+002, +7.62273970660e+001
+1.08533750000e+006, +6.07364871187e+002, +7.61421204954e+001
+1.08545000000e+006, +6.14080191200e+002, +7.60555112020e+001
+1.08556250000e+006, +6.20916551797e+002, +7.59667551320e+001
+1.08567500000e+006, +6.27878936997e+002, +7.58761702080e+001
+1.08578750000e+006, +6.34964878238e+002, +7.57813711291e+001
+1.08590000000e+006, +6.42179340866e+002, +7.56853130104e+001
+1.08601250000e+006, +6.49528282875e+002, +7.55877581446e+001
+1.08612500000e+006, +6.57004962789e+002, +7.54857461702e+001
+1.08623750000e+006, +6.64593638296e+002, +7.53827071894e+001
+1.08635000000e+006, +6.72321057425e+002, +7.52788428336e+001
+1.08646250000e+006, +6.80224673476e+002, +7.51705474555e+001
+1.08657500000e+006, +6.88264180888e+002, +7.50661002926e+001
+1.08668750000e+006, +6.96502044586e+002, +7.49547110870e+001
+1.08680000000e+006, +7.04881413039e+002, +7.48399813028e+001
+1.08691250000e+006, +7.13444106034e+002, +7.47218131102e+001
+1.08702500000e+006, +7.22187279673e+002, +7.46000797027e+001
+1.08713750000e+006, +7.31087464309e+002, +7.44736405148e+001
+1.08725000000e+006, +7.40163759207e+002, +7.43433562936e+001
+1.08736250000e+006, +7.49404689857e+002, +7.42089498565e+001
+1.08747500000e+006, +7.58813892262e+002, +7.40706281988e+001
+1.08758750000e+006, +7.68416816236e+002, +7.39298457900e+001
+1.08770000000e+006, +7.78195816250e+002, +7.37856182134e+001
+1.08781250000e+006, +7.88183428710e+002, +7.36368227670e+001
+1.08792500000e+006, +7.98354786867e+002, +7.34860691927e+001
+1.08803750000e+006, +8.08721718466e+002, +7.33313483187e+001
+1.08815000000e+006, +8.19317734218e+002, +7.31735742080e+001
+1.08826250000e+006, +8.30145538998e+002, +7.30127074845e+001
+1.08837500000e+006, +8.41192712600e+002, +7.28484873840e+001
+1.08848750000e+006, +8.52494817729e+002, +7.26782913833e+001
+1.08860000000e+006, +8.64036789511e+002, +7.25065183887e+001
+1.08871250000e+006, +8.75844400490e+002, +7.23296745136e+001
+1.08882500000e+006, +8.87905908498e+002, +7.21492080697e+001
+1.08893750000e+006, +9.00247662172e+002, +7.19633769502e+001
+1.08905000000e+006, +9.12884654203e+002, +7.17733245721e+001
+1.08916250000e+006, +9.25806141123e+002, +7.15788596159e+001
+1.08927500000e+006, +9.39046757767e+002, +7.13792804041e+001
+1.08938750000e+006, +9.52561768625e+002, +7.11761473328e+001
+1.08950000000e+006, +9.66443695571e+002, +7.09653097097e+001
+1.08961250000e+006, +9.80633262196e+002, +7.07499349035e+001
+1.08972500000e+006, +9.95198514020e+002, +7.05292443697e+001
+1.08983750000e+006, +1.01010221897e+003, +7.03030295742e+001
+1.08995000000e+006, +1.02539227237e+003, +7.00707373035e+001
+1.09006250000e+006, +1.04107212185e+003, +6.98320767811e+001
+1.09017500000e+006, +1.05715712540e+003, +6.95875730885e+001
+1.09028750000e+006, +1.07365577607e+003, +6.93348992030e+001
+1.09040000000e+006, +1.09058294316e+003, +6.90782908913e+001
+1.09051250000e+006, +1.10797141488e+003, +6.88127296573e+001
+1.09062500000e+006, +1.12582374031e+003, +6.85420675396e+001
+1.09073750000e+006, +1.14416568200e+003, +6.82635122496e+001
+1.09085000000e+006, +1.16304933663e+003, +6.79782424327e+001
+1.09096250000e+006, +1.18244820506e+003, +6.76812811834e+001
+1.09107500000e+006, +1.20243727520e+003, +6.73764870896e+001
+1.09118750000e+006, +1.22301327851e+003, +6.70628445371e+001
+1.09130000000e+006, +1.24416853197e+003, +6.67408920315e+001
+1.09141250000e+006, +1.26595224387e+003, +6.64082635223e+001
+1.09152500000e+006, +1.28843500405e+003, +6.60644800887e+001
+1.09163750000e+006, +1.31155239899e+003, +6.57103448185e+001
+1.09175000000e+006, +1.33540495384e+003, +6.53448951879e+001
+1.09186250000e+006, +1.36003064359e+003, +6.49673203983e+001
+1.09197500000e+006, +1.38548067771e+003, +6.45778189018e+001
+1.09208750000e+006, +1.41172630649e+003, +6.41736317321e+001
+1.09220000000e+006, +1.43886296421e+003, +6.37558635220e+001
+1.09231250000e+006, +1.46692488763e+003, +6.33240792421e+001
+1.09242500000e+006, +1.49590462314e+003, +6.28751011310e+001
+1.09253750000e+006, +1.52587844419e+003, +6.24114722062e+001
+1.09265000000e+006, +1.55689524057e+003, +6.19287978802e+001
+1.09276250000e+006, +1.58898300894e+003, +6.14253054410e+001
+1.09287500000e+006, +1.62230950812e+003, +6.09062023706e+001
+1.09298750000e+006, +1.65668316983e+003, +6.03623986250e+001
+1.09310000000e+006, +1.69245121578e+003, +5.97985627306e+001
+1.09321250000e+006, +1.72936335670e+003, +5.92069127455e+001
+1.09332500000e+006, +1.76777469893e+003, +5.85958416332e+001
+1.09343750000e+006, +1.80753666552e+003, +5.79547883568e+001
+1.09355000000e+006, +1.84879721148e+003, +5.72826485600e+001
+1.09366250000e+006, +1.89157696241e+003, +5.65849905094e+001
+1.09377500000e+006, +1.93589057547e+003, +5.58554353441e+001
+1.09388750000e+006, +1.98200242079e+003, +5.50885484066e+001
+1.09400000000e+006, +2.02974129422e+003, +5.42883479303e+001
+1.09411250000e+006, +2.07925940366e+003, +5.34513231126e+001
+1.09422500000e+006, +2.13066449568e+003, +5.25725073902e+001
+1.09433750000e+006, +2.18400085068e+003, +5.16526076329e+001
+1.09445000000e+006, +2.23934094667e+003, +5.06898288897e+001
+1.09456250000e+006, +2.29666024058e+003, +4.96735274795e+001
+1.09467500000e+006, +2.35626187202e+003, +4.86075183022e+001
+1.09478750000e+006, +2.41790760752e+003, +4.74815958178e+001
+1.09490000000e+006, +2.48148530174e+003, +4.63021752588e+001
+1.09501250000e+006, +2.54715732331e+003, +4.50576585588e+001
+1.09512500000e+006, +2.61494055139e+003, +4.37463675868e+001
+1.09523750000e+006, +2.68468041997e+003, +4.23690888228e+001
+1.09535000000e+006, +2.75606212712e+003, +4.09148404530e+001
+1.09546250000e+006, +2.82922786655e+003, +3.93849058741e+001
+1.09557500000e+006, +2.90392993881e+003, +3.77780857817e+001
+1.09568750000e+006, +2.97936578004e+003, +3.60890671836e+001
+1.09580000000e+006, +3.05625884305e+003, +3.43152216205e+001
+1.09591250000e+006, +3.13324828306e+003, +3.24519534910e+001
+1.09602500000e+006, +3.21071248230e+003, +3.04986519772e+001
+1.09613750000e+006, +3.28756828624e+003, +2.84543818447e+001
+1.09625000000e+006, +3.36287640577e+003, +2.63212419346e+001
+1.09636250000e+006, +3.43664555501e+003, +2.40920406247e+001
+1.09647500000e+006, +3.50780695111e+003, +2.17761293691e+001
+1.09658750000e+006, +3.57543031778e+003, +1.93700812840e+001
+1.09670000000e+006, +3.63866945706e+003, +1.68809190591e+001
+1.09681250000e+006, +3.69693834510e+003, +1.43138094955e+001
+1.09692500000e+006, +3.74872291763e+003, +1.16724280153e+001
+1.09703750000e+006, +3.79331775502e+003, +8.96961393949e+000
+1.09715000000e+006, +3.83032571536e+003, +6.21365300242e+000
+1.09726250000e+006, +3.85809486821e+003, +3.41820150759e+000
+1.09737500000e+006, +3.87749021823e+003, +5.96309699402e-001
+1.09748750000e+006, +3.88689832471e+003, -2.24609766922e+000
+1.09760000000e+006, +3.88663081720e+003, -5.08628733694e+000
+1.09771250000e+006, +3.87689604658e+003, -7.90976635505e+000
+1.09782500000e+006, +3.85796339875e+003, -1.07135217373e+001
+1.09793750000e+006, +3.82985639879e+003, -1.34738265420e+001
+1.09805000000e+006, +3.79387944474e+003, -1.61790111136e+001
+1.09816250000e+006, +3.75010807463e+003, -1.88182012103e+001
+1.09827500000e+006, +3.69988911761e+003, -2.13968095452e+001
+1.09838750000e+006, +3.64355575544e+003, -2.38891135992e+001
+1.09850000000e+006, +3.58266895980e+003, -2.62942836406e+001
+1.09861250000e+006, +3.51797719209e+003, -2.86109802914e+001
+1.09872500000e+006, +3.45040473710e+003, -3.08327101966e+001
+1.09883750000e+006, +3.38090591415e+003, -3.29657041186e+001
+1.09895000000e+006, +3.30981750462e+003, -3.50078803690e+001
+1.09906250000e+006, +3.23776015874e+003, -3.69639812405e+001
+1.09917500000e+006, +3.16538610961e+003, -3.88256461279e+001
+1.09928750000e+006, +3.09325351968e+003, -4.06025291218e+001
+1.09940000000e+006, +3.02149681900e+003, -4.22921443123e+001
+1.09951250000e+006, +2.95067994015e+003, -4.38973609119e+001
+1.09962500000e+006, +2.88118570565e+003, -4.54269813727e+001
+1.09973750000e+006, +2.81304737110e+003, -4.68789888880e+001
+1.09985000000e+006, +2.74616659084e+003, -4.82563694245e+001
+1.09996250000e+006, +2.68150217961e+003, -4.95687866157e+001
+1.10007500000e+006, +2.61844033349e+003, -5.08142810652e+001
+1.10018750000e+006, +2.55709787429e+003, -5.19966645406e+001
+1.10030000000e+006, +2.49790984043e+003, -5.31207974323e+001
+1.10041250000e+006, +2.44048142544e+003, -5.41889652043e+001
+1.10052500000e+006, +2.38502733880e+003, -5.52083941056e+001
+1.10063750000e+006, +2.33132362798e+003, -5.61755269024e+001
+1.10075000000e+006, +2.27954448082e+003, -5.70987232592e+001
+1.10086250000e+006, +2.22954829607e+003, -5.79787981815e+001
+1.10097500000e+006, +2.18129543332e+003, -5.88183004659e+001
+1.10108750000e+006, +2.13470985346e+003, -5.96184905747e+001
+1.10120000000e+006, +2.08974751953e+003, -6.03835377911e+001
+1.10131250000e+006, +2.04642242473e+003, -6.11143022101e+001
+1.10142500000e+006, +2.00452200706e+003, -6.18104834095e+001
+1.10153750000e+006, +1.96410704079e+003, -6.24774545316e+001
+1.10165000000e+006, +1.92517779129e+003, -6.31156620527e+001
+1.10176250000e+006, +1.88754830725e+003, -6.37256792160e+001
+1.10187500000e+006, +1.85130116534e+003, -6.43098972431e+001
+1.10198750000e+006, +1.81620400730e+003, -6.48726503933e+001
+1.10210000000e+006, +1.78235007008e+003, -6.54076281121e+001
+1.10221250000e+006, +1.74964086315e+003, -6.59229140574e+001
+1.10232500000e+006, +1.71807578652e+003, -6.64172527426e+001
+1.10243750000e+006, +1.68754466828e+003, -6.68918115833e+001
+1.10255000000e+006, +1.65800984793e+003, -6.73470812740e+001
+1.10266250000e+006, +1.62940204545e+003, -6.77853920038e+001
+1.10277500000e+006, +1.60183053536e+003, -6.82058197763e+001
+1.10288750000e+006, +1.57504650455e+003, -6.86106908306e+001
+1.10300000000e+006, +1.54921991442e+003, -6.90003380590e+001
+1.10311250000e+006, +1.52416017127e+003, -6.93744939598e+001
+1.10322500000e+006, +1.49991664857e+003, -6.97367613455e+001
+1.10333750000e+006, +1.47644408924e+003, -7.00833397484e+001
+1.10345000000e+006, +1.45371970088e+003, -7.04197009446e+001
+1.10356250000e+006, +1.43165139700e+003, -7.07441556479e+001
+1.10367500000e+006, +1.41023875443e+003, -7.10584811115e+001
+1.10378750000e+006, +1.38953189822e+003, -7.13622389884e+001
+1.10390000000e+006, +1.36939904889e+003, -7.16575871492e+001
+1.10401250000e+006, +1.34990643776e+003, -7.19429528835e+001
+1.10412500000e+006, +1.33093468401e+003, -7.22199645498e+001
+1.10423750000e+006, +1.31247679428e+003, -7.24894045533e+001
+1.10435000000e+006, +1.29453978162e+003, -7.27516051041e+001
+1.10446250000e+006, +1.27708960034e+003, -7.30053957355e+001
+1.10457500000e+006, +1.26010180824e+003, -7.32506572903e+001
+1.10468750000e+006, +1.24351928626e+003, -7.34905232659e+001
+1.10480000000e+006, +1.22743346209e+003, -7.37230012840e+001
+1.10491250000e+006, +1.21170663030e+003, -7.39480231919e+001
+1.10502500000e+006, +1.19641712965e+003, -7.41651782164e+001
+1.10513750000e+006, +1.18152275647e+003, -7.43785429975e+001
+1.10525000000e+006, +1.16696768065e+003, -7.45838894370e+001
+1.10536250000e+006, +1.15280208717e+003, -7.47852664758e+001
+1.10547500000e+006, +1.13897152941e+003, -7.49799417899e+001
+1.10558750000e+006, +1.12550120184e+003, -7.51668029882e+001
+1.10570000000e+006, +1.11233531329e+003, -7.53524727978e+001
+1.10581250000e+006, +1.09949088943e+003, -7.55301766332e+001
+1.10592500000e+006, +1.08694628900e+003, -7.57052456810e+001
+1.10603750000e+006, +1.07470124960e+003, -7.58762470188e+001
+1.10615000000e+006, +1.06275608909e+003, -7.60403258489e+001
+1.10626250000e+006, +1.05107233505e+003, -7.62024377890e+001
+1.10637500000e+006, +1.03964687631e+003, -7.63595758205e+001
+1.10648750000e+006, +1.02845324596e+003, -7.65124660020e+001
+1.10660000000e+006, +1.01753835277e+003, -7.66620093977e+001
+1.10671250000e+006, +1.00684669171e+003, -7.68066589470e+001
+1.10682500000e+006, +9.96394081371e+002, -7.69493683856e+001
+1.10693750000e+006, +9.86154772197e+002, -7.70864460467e+001
+1.10705000000e+006, +9.76131879329e+002, -7.72215617936e+001
+1.10716250000e+006, +9.66339840988e+002, -7.73533470698e+001
+1.10727500000e+006, +9.56718292754e+002, -7.74810004736e+001
+1.10738750000e+006, +9.47329668911e+002, -7.76061849645e+001
+1.10750000000e+006, +9.38123574125e+002, -7.77288144086e+001
+1.10761250000e+006, +9.29107034805e+002, -7.78460831814e+001
+1.10772500000e+006, +9.20256457224e+002, -7.79630892567e+001
+1.10783750000e+006, +9.11587184004e+002, -7.80766499568e+001
+1.10795000000e+006, +9.03112041255e+002, -7.81873421292e+001
+1.10806250000e+006, +8.94781161772e+002, -7.82958791600e+001
+1.10817500000e+006, +8.86613600271e+002, -7.84015189665e+001
+1.10828750000e+006, +8.78599852181e+002, -7.85047910899e+001
+1.10840000000e+006, +8.70738431814e+002, -7.86059933248e+001
+1.10851250000e+006, +8.63037138419e+002, -7.87058649314e+001
+1.10862500000e+006, +8.55461720786e+002, -7.88017022897e+001
+1.10873750000e+006, +8.48038621153e+002, -7.88961210864e+001
+1.10885000000e+006, +8.40754212366e+002, -7.89891344412e+001
+1.10896250000e+006, +8.33597222301e+002, -7.90804783794e+001
+1.10907500000e+006, +8.26567829957e+002, -7.91688190029e+001
+1.10918750000e+006, +8.19670022867e+002, -7.92555246986e+001
+1.10930000000e+006, +8.12901639043e+002, -7.93408222917e+001
+1.10941250000e+006, +8.06237068175e+002, -7.94241159091e+001
+1.10952500000e+006, +7.99680163225e+002, -7.95068923820e+001
+1.10963750000e+006, +7.93264164611e+002, -7.95865612120e+001
+1.10975000000e+006, +7.86929461710e+002, -7.96662220217e+001
+1.10986250000e+006, +7.80702804148e+002, -7.97430760321e+001
+1.10997500000e+006, +7.74568795412e+002, -7.98184659438e+001
+1.11008750000e+006, +7.68546791070e+002, -7.98928597405e+001
+1.11020000000e+006, +7.62609794582e+002, -7.99649688435e+001
+1.11031250000e+006, +7.56781051401e+002, -8.00363757677e+001
+1.11042500000e+006, +7.51049073824e+002, -8.01045639631e+001
+1.11053750000e+006, +7.45383222168e+002, -8.01727233574e+001
+1.11065000000e+006, +7.39841201833e+002, -8.02383632590e+001
+1.11076250000e+006, +7.34359025421e+002, -8.03032296519e+001
+1.11087500000e+006, +7.28997966735e+002, -8.03675157750e+001
+1.11098750000e+006, +7.23682837286e+002, -8.04293875636e+001
+1.11110000000e+006, +7.18477938196e+002, -8.04903297979e+001
+1.11121250000e+006, +7.13346309609e+002, -8.05502511354e+001
+1.11132500000e+006, +7.08294544292e+002, -8.06093604514e+001
+1.11143750000e+006, +7.03319623334e+002, -8.06657866284e+001
+1.11155000000e+006, +6.98418036247e+002, -8.07232553901e+001
+1.11166250000e+006, +6.93590994202e+002, -8.07791221858e+001
+1.11177500000e+006, +6.88827910060e+002, -8.08337143256e+001
+1.11188750000e+006, +6.84138623545e+002, -8.08887788859e+001
+1.11200000000e+006, +6.79520095966e+002, -8.09418336746e+001
+1.11211250000e+006, +6.74967132039e+002, -8.09955271369e+001
+1.11222500000e+006, +6.70465439653e+002, -8.10481569585e+001
+1.11233750000e+006, +6.66032043995e+002, -8.10992033237e+001
+1.11245000000e+006, +6.61660045491e+002, -8.11500245424e+001
+1.11256250000e+006, +6.57326046467e+002, -8.11994001200e+001
+1.11267500000e+006, +6.53061560957e+002, -8.12497573395e+001
+1.11278750000e+006, +6.48843382510e+002, -8.12974898727e+001
+1.11290000000e+006, +6.44690847325e+002, -8.13436896680e+001
+1.11301250000e+006, +6.40573837597e+002, -8.13907758432e+001
+1.11312500000e+006, +6.36520945121e+002, -8.14362286998e+001
+1.11323750000e+006, +6.32525983801e+002, -8.14812080225e+001
+1.11335000000e+006, +6.28552808782e+002, -8.15240837283e+001
+1.11346250000e+006, +6.24638685385e+002, -8.15659546273e+001
+1.11357500000e+006, +6.20780779424e+002, -8.16073518110e+001
+1.11368750000e+006, +6.16970796603e+002, -8.16478309406e+001
+1.11380000000e+006, +6.13201375478e+002, -8.16881336737e+001
+1.11391250000e+006, +6.09481847717e+002, -8.17261936053e+001
+1.11402500000e+006, +6.05810338863e+002, -8.17639778528e+001
+1.11413750000e+006, +6.02178239896e+002, -8.18004547049e+001
+1.11425000000e+006, +5.98584482280e+002, -8.18367630806e+001
+1.11436250000e+006, +5.95038475818e+002, -8.18716277701e+001
+1.11447500000e+006, +5.91525119849e+002, -8.19050224880e+001
+1.11458750000e+006, +5.88056670713e+002, -8.19348974091e+001
+1.11470000000e+006, +5.84677086785e+002, -8.19636184998e+001
+1.11481250000e+006, +5.81379529359e+002, -8.19985394717e+001
+1.11492500000e+006, +5.78031706128e+002, -8.20350628801e+001
+1.11503750000e+006, +5.74710271768e+002, -8.20664870985e+001
+1.11515000000e+006, +5.71444411212e+002, -8.20967586266e+001
+1.11526250000e+006, +5.68211539676e+002, -8.21255946111e+001
+1.11537500000e+006, +5.65017153183e+002, -8.21541302792e+001
+1.11548750000e+006, +5.61877244377e+002, -8.21821284114e+001
+1.11560000000e+006, +5.58757158458e+002, -8.22094435230e+001
+1.11571250000e+006, +5.55678667533e+002, -8.22362829934e+001
+1.11582500000e+006, +5.52639723199e+002, -8.22629123141e+001
+1.11593750000e+006, +5.49623780513e+002, -8.22887901356e+001
+1.11605000000e+006, +5.46635200469e+002, -8.23150396491e+001
+1.11616250000e+006, +5.43673163798e+002, -8.23397224879e+001
+1.11627500000e+006, +5.40747444124e+002, -8.23639462652e+001
+1.11638750000e+006, +5.37849097710e+002, -8.23877811504e+001
+1.11650000000e+006, +5.34980583108e+002, -8.24094961378e+001
+1.11661250000e+006, +5.32135526084e+002, -8.24313010971e+001
+1.11672500000e+006, +5.29328452469e+002, -8.24524808960e+001
+1.11683750000e+006, +5.26550060721e+002, -8.24728381288e+001
+1.11695000000e+006, +5.23796563977e+002, -8.24931782210e+001
+1.11706250000e+006, +5.21069442354e+002, -8.25120902671e+001
+1.11717500000e+006, +5.18366267035e+002, -8.25316639479e+001
+1.11728750000e+006, +5.15691631783e+002, -8.25490730003e+001
+1.11740000000e+006, +5.13044941860e+002, -8.25654592600e+001
+1.11751250000e+006, +5.10422639153e+002, -8.25820290007e+001
+1.11762500000e+006, +5.07827212475e+002, -8.25976340446e+001
+1.11773750000e+006, +5.05255855097e+002, -8.26121178411e+001
+1.11785000000e+006, +5.02714713899e+002, -8.26261280487e+001
+1.11796250000e+006, +5.00202521597e+002, -8.26429176267e+001
+1.11807500000e+006, +4.97713380078e+002, -8.26558718708e+001
+1.11818750000e+006, +4.95244109812e+002, -8.26662506547e+001
+1.11830000000e+006, +4.92784076001e+002, -8.26813451646e+001
+1.11841250000e+006, +4.90400912811e+002, -8.26920569630e+001
+1.11852500000e+006, +4.87970655055e+002, -8.27007306986e+001
+1.11863750000e+006, +4.85598054480e+002, -8.27172068844e+001
+1.11875000000e+006, +4.83246723352e+002, -8.27238955863e+001
+1.11886250000e+006, +4.80926592357e+002, -8.27376410889e+001
+1.11897500000e+006, +4.78602926939e+002, -8.27479964220e+001
+1.11908750000e+006, +4.76289259081e+002, -8.27557368643e+001
+1.11920000000e+006, +4.73984123675e+002, -8.27644121483e+001
+1.11931250000e+006, +4.71721570894e+002, -8.27743844584e+001
+1.11942500000e+006, +4.69479983682e+002, -8.27745384668e+001
+1.11953750000e+006, +4.67232708979e+002, -8.27856709387e+001
+1.11965000000e+006, +4.65053056376e+002, -8.27912526452e+001
+1.11976250000e+006, +4.62861682737e+002, -8.27993350712e+001
+1.11987500000e+006, +4.60710311001e+002, -8.27978631565e+001
+1.11998750000e+006, +4.58552879284e+002, -8.28011430366e+001
+1.12010000000e+006, +4.56432954324e+002, -8.28076522576e+001
+1.12021250000e+006, +4.54324270196e+002, -8.28091338490e+001
+1.12032500000e+006, +4.52232133275e+002, -8.28137545346e+001
+1.12043750000e+006, +4.50154783836e+002, -8.28151973092e+001
+1.12055000000e+006, +4.48106043408e+002, -8.28169812650e+001
+1.12066250000e+006, +4.46051472385e+002, -8.28203962123e+001
+1.12077500000e+006, +4.44015610879e+002, -8.28225261247e+001
+1.12088750000e+006, +4.42028347676e+002, -8.28255520618e+001
+1.12100000000e+006, +4.39995846663e+002, -8.28219700044e+001
+1.12111250000e+006, +4.38028859591e+002, -8.28183019095e+001
+1.12122500000e+006, +4.36063657408e+002, -8.28227685662e+001
+1.12133750000e+006, +4.34112109523e+002, -8.28179499284e+001
+1.12145000000e+006, +4.32144848512e+002, -8.28142976515e+001
+1.12156250000e+006, +4.30204807213e+002, -8.28144194691e+001
+1.12167500000e+006, +4.28277224796e+002, -8.28106181247e+001
+1.12178750000e+006, +4.26395430943e+002, -8.28047107370e+001
+1.12190000000e+006, +4.24504599348e+002, -8.27995907346e+001
+1.12201250000e+006, +4.22622381430e+002, -8.27992636457e+001
+1.12212500000e+006, +4.20759975337e+002, -8.27910821480e+001
+1.12223750000e+006, +4.18963260771e+002, -8.27825517852e+001
+1.12235000000e+006, +4.17090146158e+002, -8.27782028280e+001
+1.12246250000e+006, +4.15286275407e+002, -8.27724885324e+001
+1.12257500000e+006, +4.13465928138e+002, -8.27639022934e+001
+1.12268750000e+006, +4.11685022713e+002, -8.27561301681e+001
+1.12280000000e+006, +4.09891917939e+002, -8.27494115059e+001
+1.12291250000e+006, +4.08077845467e+002, -8.27357214054e+001
+1.12302500000e+006, +4.06327766962e+002, -8.27305272068e+001
+1.12313750000e+006, +4.04562803786e+002, -8.27200663302e+001
+1.12325000000e+006, +4.02825555761e+002, -8.27068360454e+001
+1.12336250000e+006, +4.01122103204e+002, -8.26933118059e+001
+1.12347500000e+006, +3.99360528080e+002, -8.26830341335e+001
+1.12358750000e+006, +3.97674220224e+002, -8.26670566677e+001
+1.12370000000e+006, +3.95942813044e+002, -8.26565418337e+001
+1.12381250000e+006, +3.94265240157e+002, -8.26449549252e+001
+1.12392500000e+006, +3.92569890942e+002, -8.26294058695e+001
+1.12403750000e+006, +3.90888592079e+002, -8.26143363423e+001
+1.12415000000e+006, +3.89235646895e+002, -8.26009113924e+001
+1.12426250000e+006, +3.87564882021e+002, -8.25825983904e+001
+1.12437500000e+006, +3.85910761937e+002, -8.25710209723e+001
+1.12448750000e+006, +3.84289118190e+002, -8.25522203390e+001
+1.12460000000e+006, +3.82637254261e+002, -8.25343788923e+001
+1.12471250000e+006, +3.81033619774e+002, -8.25168138266e+001
+1.12482500000e+006, +3.79399051211e+002, -8.25012784842e+001
+1.12493750000e+006, +3.77785166098e+002, -8.24819591793e+001
+1.12505000000e+006, +3.76160366079e+002, -8.24631330748e+001
+1.12516250000e+006, +3.74555208891e+002, -8.24427448154e+001
+1.12527500000e+006, +3.72941996910e+002, -8.24186459893e+001
+1.12538750000e+006, +3.71355394300e+002, -8.23933005021e+001
+1.12550000000e+006, +3.69761824625e+002, -8.23688519923e+001
+1.12561250000e+006, +3.68210562087e+002, -8.23421561101e+001
+1.12572500000e+006, +3.66628368762e+002, -8.23167699614e+001
+1.12583750000e+006, +3.65069060026e+002, -8.22908471426e+001
+1.12595000000e+006, +3.63504317426e+002, -8.22598598452e+001
+1.12606250000e+006, +3.61975599746e+002, -8.22286744319e+001
+1.12617500000e+006, +3.60438017751e+002, -8.21978675423e+001
+1.12628750000e+006, +3.58896786515e+002, -8.21657193634e+001
+1.12640000000e+006, +3.57375904300e+002, -8.21330691306e+001
+1.12651250000e+006, +3.55883990990e+002, -8.20994586240e+001
+1.12662500000e+006, +3.54346183966e+002, -8.20682855025e+001
+1.12673750000e+006, +3.52829250763e+002, -8.20303437955e+001
+1.12685000000e+006, +3.51344661100e+002, -8.19956595614e+001
+1.12696250000e+006, +3.49842226109e+002, -8.19604838292e+001
+1.12707500000e+006, +3.48357524382e+002, -8.19193926247e+001
+1.12718750000e+006, +3.46890656828e+002, -8.18775678922e+001
+1.12730000000e+006, +3.45409852009e+002, -8.18402844301e+001
+1.12741250000e+006, +3.43931171918e+002, -8.17969359541e+001
+1.12752500000e+006, +3.42486386722e+002, -8.17506052823e+001
+1.12763750000e+006, +3.41047124074e+002, -8.17049295046e+001
+1.12775000000e+006, +3.39600695045e+002, -8.16606017143e+001
+1.12786250000e+006, +3.38192045220e+002, -8.16165821219e+001
+1.12797500000e+006, +3.36767325748e+002, -8.15728782084e+001
+1.12808750000e+006, +3.35338087308e+002, -8.15296834444e+001
+1.12820000000e+006, +3.33922877099e+002, -8.14901808463e+001
+1.12831250000e+006, +3.32449711936e+002, -8.14459700775e+001
+1.12842500000e+006, +3.31017008407e+002, -8.13990446923e+001
+1.12853750000e+006, +3.29559284578e+002, -8.13521530500e+001
+1.12865000000e+006, +3.28096027033e+002, -8.13000880615e+001
+1.12876250000e+006, +3.26657422155e+002, -8.12505474072e+001
+1.12887500000e+006, +3.25197370216e+002, -8.11948874808e+001
+1.12898750000e+006, +3.23747998486e+002, -8.11381480424e+001
+1.12910000000e+006, +3.22304616708e+002, -8.10810467755e+001
+1.12921250000e+006, +3.20841845833e+002, -8.10183260139e+001
+1.12932500000e+006, +3.19401834739e+002, -8.09553231612e+001
+1.12943750000e+006, +3.17958107435e+002, -8.08904429398e+001
+1.12955000000e+006, +3.16525660237e+002, -8.08213590551e+001
+1.12966250000e+006, +3.15084788594e+002, -8.07494643451e+001
+1.12977500000e+006, +3.13640122897e+002, -8.06749290787e+001
+1.12988750000e+006, +3.12210926190e+002, -8.06012533537e+001
+1.13000000000e+006, +3.10786237255e+002, -8.05241136707e+001
END
